time	VE	ZMIX	QIN	IIN	TE	PIN	NIN	POMIN	stagnation
1	1.00E+07	3	50000	132	5.4	100	10	20	0
2	1.00E+07	3	50000	135.06451613	5.33870968	100	10	20	0
3	1.00E+07	3	50000	138.12903226	5.27741935	100	10	20	0
4	1.00E+07	3	50000	141.19354839	5.21612903	100	10	20	0
5	1.00E+07	3	50000	144.25806452	5.15483871	100	10	20	0
6	1.00E+07	3	50000	147.32258065	5.09354839	100	10	20	0
7	1.00E+07	3	50000	150.38709677	5.03225806	100	10	20	0
8	1.00E+07	3	50000	153.4516129	4.97096774	100	10	20	0
9	1.00E+07	3	50000	156.51612903	4.90967742	100	10	20	0
10	1.00E+07	3	50000	159.58064516	4.8483871	100	10	20	0
11	1.00E+07	3	50000	162.64516129	4.78709677	100	10	20	0
12	1.00E+07	3	50000	165.70967742	4.72580645	100	10	20	0
13	1.00E+07	3	50000	168.77419355	4.66451613	100	10	20	0
14	1.00E+07	3	50000	171.83870968	4.60322581	100	10	20	0
15	1.00E+07	3	50000	174.90322581	4.54193548	100	10	20	0
16	1.00E+07	3	50000	177.96774194	4.48064516	100	10	20	0
17	1.00E+07	3	50000	181.03225806	4.41935484	100	10	20	0
18	1.00E+07	3	50000	184.09677419	4.35806452	100	10	20	0
19	1.00E+07	3	50000	187.16129032	4.29677419	100	10	20	0
20	1.00E+07	3	50000	190.22580645	4.23548387	100	10	20	0
21	1.00E+07	3	50000	193.29032258	4.17419355	100	10	20	0
22	1.00E+07	3	50000	196.35483871	4.11290323	100	10	20	0
23	1.00E+07	3	50000	199.41935484	4.0516129	100	10	20	0
24	1.00E+07	3	50000	202.48387097	3.99032258	100	10	20	0
25	1.00E+07	3	50000	205.5483871	3.92903226	100	10	20	0
26	1.00E+07	3	50000	208.61290323	3.86774194	100	10	20	0
27	1.00E+07	3	50000	211.67741935	3.80645161	100	10	20	0
28	1.00E+07	3	50000	214.74193548	3.74516129	100	10	20	0
29	1.00E+07	3	50000	217.80645161	3.68387097	100	10	20	0
30	1.00E+07	3	50000	220.87096774	3.62258065	100	10	20	0
31	1.00E+07	3	50000	223.93548387	3.56129032	100	10	20	0
32	1.00E+07	3	50000	227	3.5	100	10	20	0
33	1.00E+07	3	50000	230.87931034	3.55344828	100	10	20	0
34	1.00E+07	3	50000	234.75862069	3.60689655	100	10	20	0
35	1.00E+07	3	50000	238.63793103	3.66034483	100	10	20	0
36	1.00E+07	3	50000	242.51724138	3.7137931	100	10	20	0
37	1.00E+07	3	50000	246.39655172	3.76724138	100	10	20	0
38	1.00E+07	3	50000	250.27586207	3.82068966	100	10	20	0
39	1.00E+07	3	50000	254.15517241	3.87413793	100	10	20	0
40	1.00E+07	3	50000	258.03448276	3.92758621	100	10	20	0
41	1.00E+07	3	50000	261.9137931	3.98103448	100	10	20	0
42	1.00E+07	3	50000	265.79310345	4.03448276	100	10	20	0
43	1.00E+07	3	50000	269.67241379	4.08793103	100	10	20	0
44	1.00E+07	3	50000	273.55172414	4.14137931	100	10	20	0
45	1.00E+07	3	50000	277.43103448	4.19482759	100	10	20	0
46	1.00E+07	3	50000	281.31034483	4.24827586	100	10	20	0
47	1.00E+07	3	50000	285.18965517	4.30172414	100	10	20	0
48	1.00E+07	3	50000	289.06896552	4.35517241	100	10	20	0
49	1.00E+07	3	50000	292.94827586	4.40862069	100	10	20	0
50	1.00E+07	3	50000	296.82758621	4.46206897	100	10	20	0
51	1.00E+07	3	50000	300.70689655	4.51551724	100	10	20	0
52	1.00E+07	3	50000	304.5862069	4.56896552	100	10	20	0
53	1.00E+07	3	50000	308.46551724	4.62241379	100	10	20	0
54	1.00E+07	3	50000	312.34482759	4.67586207	100	10	20	0
55	1.00E+07	3	50000	316.22413793	4.72931034	100	10	20	0
56	1.00E+07	3	50000	320.10344828	4.78275862	100	10	20	0
57	1.00E+07	3	50000	323.98275862	4.8362069	100	10	20	0
58	1.00E+07	3	50000	327.86206897	4.88965517	100	10	20	0
59	1.00E+07	3	50000	331.74137931	4.94310345	100	10	20	0
60	1.00E+07	3	50000	335.62068966	4.99655172	100	10	20	0
61	1.00E+07	3	50000	339.5	5.05	100	10	20	0
62	1.00E+07	3	50000	343.37931034	5.10344828	100	10	20	0
63	1.00E+07	3	50000	347.25862069	5.15689655	100	10	20	0
64	1.00E+07	3	50000	351.13793103	5.21034483	100	10	20	0
65	1.00E+07	3	50000	355.01724138	5.2637931	100	10	20	0
66	1.00E+07	3	50000	358.89655172	5.31724138	100	10	20	0
67	1.00E+07	3	50000	362.77586207	5.37068966	100	10	20	0
68	1.00E+07	3	50000	366.65517241	5.42413793	100	10	20	0
69	1.00E+07	3	50000	370.53448276	5.47758621	100	10	20	0
70	1.00E+07	3	50000	374.4137931	5.53103448	100	10	20	0
71	1.00E+07	3	50000	378.29310345	5.58448276	100	10	20	0
72	1.00E+07	3	50000	382.17241379	5.63793103	100	10	20	0
73	1.00E+07	3	50000	386.05172414	5.69137931	100	10	20	0
74	1.00E+07	3	50000	389.93103448	5.74482759	100	10	20	0
75	1.00E+07	3	50000	393.81034483	5.79827586	100	10	20	0
76	1.00E+07	3	50000	397.68965517	5.85172414	100	10	20	0
77	1.00E+07	3	50000	401.56896552	5.90517241	100	10	20	0
78	1.00E+07	3	50000	405.44827586	5.95862069	100	10	20	0
79	1.00E+07	3	50000	409.32758621	6.01206897	100	10	20	0
80	1.00E+07	3	50000	413.20689655	6.06551724	100	10	20	0
81	1.00E+07	3	50000	417.0862069	6.11896552	100	10	20	0
82	1.00E+07	3	50000	420.96551724	6.17241379	100	10	20	0
83	1.00E+07	3	50000	424.84482759	6.22586207	100	10	20	0
84	1.00E+07	3	50000	428.72413793	6.27931034	100	10	20	0
85	1.00E+07	3	50000	432.60344828	6.33275862	100	10	20	0
86	1.00E+07	3	50000	436.48275862	6.3862069	100	10	20	0
87	1.00E+07	3	50000	440.36206897	6.43965517	100	10	20	0
88	1.00E+07	3	50000	444.24137931	6.49310345	100	10	20	0
89	1.00E+07	3	50000	448.12068966	6.54655172	100	10	20	0
90	1.00E+07	3	50000	452	6.6	100	10	20	0
91	1.00E+07	3	50000	468.83333333	6.76666667	100	10	20	0
92	1.00E+07	3	50000	485.66666667	6.93333333	100	10	20	0
93	1.00E+07	3	50000	502.5	7.1	100	10	20	0
94	1.00E+07	3	50000	519.33333333	7.26666667	100	10	20	0
95	1.00E+07	3	50000	536.16666667	7.43333333	100	10	20	0
96	1.00E+07	3	50000	553	7.6	100	10	20	0
97	1.00E+07	3	50000	569.83333333	7.76666667	100	10	20	0
98	1.00E+07	3	50000	586.66666667	7.93333333	100	10	20	0
99	1.00E+07	3	50000	603.5	8.1	100	10	20	0
100	1.00E+07	3	50000	620.33333333	8.26666667	100	10	20	0
101	1.00E+07	3	50000	637.16666667	8.43333333	100	10	20	0
102	1.00E+07	3	50000	654	8.6	100	10	20	0
103	1.00E+07	3	50000	670.83333333	8.76666667	100	10	20	0
104	1.00E+07	3	50000	687.66666667	8.93333333	100	10	20	0
105	1.00E+07	3	50000	704.5	9.1	100	10	20	0
106	1.00E+07	3	50000	721.33333333	9.26666667	100	10	20	0
107	1.00E+07	3	50000	738.16666667	9.43333333	100	10	20	0
108	1.00E+07	3	50000	755	9.6	100	10	20	0
109	1.00E+07	3	50000	771.83333333	9.76666667	100	10	20	0
110	1.00E+07	3	50000	788.66666667	9.93333333	100	10	20	0
111	1.00E+07	3	50000	805.5	10.1	100	10	20	0
112	1.00E+07	3	50000	822.33333333	10.26666667	100	10	20	0
113	1.00E+07	3	50000	839.16666667	10.43333333	100	10	20	0
114	1.00E+07	3	50000	856	10.6	100	10	20	0
115	1.00E+07	3	50000	872.83333333	10.76666667	100	10	20	0
116	1.00E+07	3	50000	889.66666667	10.93333333	100	10	20	0
117	1.00E+07	3	50000	906.5	11.1	100	10	20	0
118	1.00E+07	3	50000	923.33333333	11.26666667	100	10	20	0
119	1.00E+07	3	50000	940.16666667	11.43333333	100	10	20	0
120	1.00E+07	3	50000	957	11.6	100	10	20	0
121	1.00E+07	3	50000	959.51612903	11.75806452	100	10	20	0
122	1.00E+07	3	50000	962.03225806	11.91612903	100	10	20	0
123	1.00E+07	3	50000	964.5483871	12.07419355	100	10	20	0
124	1.00E+07	3	50000	967.06451613	12.23225806	100	10	20	0
125	1.00E+07	3	50000	969.58064516	12.39032258	100	10	20	0
126	1.00E+07	3	50000	972.09677419	12.5483871	100	10	20	0
127	1.00E+07	3	50000	974.61290323	12.70645161	100	10	20	0
128	1.00E+07	3	50000	977.12903226	12.86451613	100	10	20	0
129	1.00E+07	3	50000	979.64516129	13.02258065	100	10	20	0
130	1.00E+07	3	50000	982.16129032	13.18064516	100	10	20	0
131	1.00E+07	3	50000	984.67741935	13.33870968	100	10	20	0
132	1.00E+07	3	50000	987.19354839	13.49677419	100	10	20	0
133	1.00E+07	3	50000	989.70967742	13.65483871	100	10	20	0
134	1.00E+07	3	50000	992.22580645	13.81290323	100	10	20	0
135	1.00E+07	3	50000	994.74193548	13.97096774	100	10	20	0
136	1.00E+07	3	50000	997.25806452	14.12903226	100	10	20	0
137	1.00E+07	3	50000	999.77419355	14.28709677	100	10	20	0
138	1.00E+07	3	50000	1002.29032258	14.44516129	100	10	20	0
139	1.00E+07	3	50000	1004.80645161	14.60322581	100	10	20	0
140	1.00E+07	3	50000	1007.32258065	14.76129032	100	10	20	0
141	1.00E+07	3	50000	1009.83870968	14.91935484	100	10	20	0
142	1.00E+07	3	50000	1012.35483871	15.07741935	100	10	20	0
143	1.00E+07	3	50000	1014.87096774	15.23548387	100	10	20	0
144	1.00E+07	3	50000	1017.38709677	15.39354839	100	10	20	0
145	1.00E+07	3	50000	1019.90322581	15.5516129	100	10	20	0
146	1.00E+07	3	50000	1022.41935484	15.70967742	100	10	20	0
147	1.00E+07	3	50000	1024.93548387	15.86774194	100	10	20	0
148	1.00E+07	3	50000	1027.4516129	16.02580645	100	10	20	0
149	1.00E+07	3	50000	1029.96774194	16.18387097	100	10	20	0
150	1.00E+07	3	50000	1032.48387097	16.34193548	100	10	20	0
151	1.00E+07	3	50000	1035	16.5	100	10	20	0
152	1.00E+07	3	50000	1035.13333333	16.72666667	100	10	20	0
153	1.00E+07	3	50000	1035.26666667	16.95333333	100	10	20	0
154	1.00E+07	3	50000	1035.4	17.18	100	10	20	0
155	1.00E+07	3	50000	1035.53333333	17.40666667	100	10	20	0
156	1.00E+07	3	50000	1035.66666667	17.63333333	100	10	20	0
157	1.00E+07	3	50000	1035.8	17.86	100	10	20	0
158	1.00E+07	3	50000	1035.93333333	18.08666667	100	10	20	0
159	1.00E+07	3	50000	1036.06666667	18.31333333	100	10	20	0
160	1.00E+07	3	50000	1036.2	18.54	100	10	20	0
161	1.00E+07	3	50000	1036.33333333	18.76666667	100	10	20	0
162	1.00E+07	3	50000	1036.46666667	18.99333333	100	10	20	0
163	1.00E+07	3	50000	1036.6	19.22	100	10	20	0
164	1.00E+07	3	50000	1036.73333333	19.44666667	100	10	20	0
165	1.00E+07	3	50000	1036.86666667	19.67333333	100	10	20	0
166	1.00E+07	3	50000	1037	19.9	100	10	20	0
167	1.00E+07	3	50000	1037.13333333	20.12666667	100	10	20	0
168	1.00E+07	3	50000	1037.26666667	20.35333333	100	10	20	0
169	1.00E+07	3	50000	1037.4	20.58	100	10	20	0
170	1.00E+07	3	50000	1037.53333333	20.80666667	100	10	20	0
171	1.00E+07	3	50000	1037.66666667	21.03333333	100	10	20	0
172	1.00E+07	3	50000	1037.8	21.26	100	10	20	0
173	1.00E+07	3	50000	1037.93333333	21.48666667	100	10	20	0
174	1.00E+07	3	50000	1038.06666667	21.71333333	100	10	20	0
175	1.00E+07	3	50000	1038.2	21.94	100	10	20	0
176	1.00E+07	3	50000	1038.33333333	22.16666667	100	10	20	0
177	1.00E+07	3	50000	1038.46666667	22.39333333	100	10	20	0
178	1.00E+07	3	50000	1038.6	22.62	100	10	20	0
179	1.00E+07	3	50000	1038.73333333	22.84666667	100	10	20	0
180	1.00E+07	3	50000	1038.86666667	23.07333333	100	10	20	0
181	1.00E+07	3	50000	1039	23.3	100	10	20	0
182	1.00E+07	3	50000	1032.87096774	23.21612903	100	10	20	0
183	1.00E+07	3	50000	1026.74193548	23.13225806	100	10	20	0
184	1.00E+07	3	50000	1020.61290323	23.0483871	100	10	20	0
185	1.00E+07	3	50000	1014.48387097	22.96451613	100	10	20	0
186	1.00E+07	3	50000	1008.35483871	22.88064516	100	10	20	0
187	1.00E+07	3	50000	1002.22580645	22.79677419	100	10	20	0
188	1.00E+07	3	50000	996.09677419	22.71290323	100	10	20	0
189	1.00E+07	3	50000	989.96774194	22.62903226	100	10	20	0
190	1.00E+07	3	50000	983.83870968	22.54516129	100	10	20	0
191	1.00E+07	3	50000	977.70967742	22.46129032	100	10	20	0
192	1.00E+07	3	50000	971.58064516	22.37741935	100	10	20	0
193	1.00E+07	3	50000	965.4516129	22.29354839	100	10	20	0
194	1.00E+07	3	50000	959.32258065	22.20967742	100	10	20	0
195	1.00E+07	3	50000	953.19354839	22.12580645	100	10	20	0
196	1.00E+07	3	50000	947.06451613	22.04193548	100	10	20	0
197	1.00E+07	3	50000	940.93548387	21.95806452	100	10	20	0
198	1.00E+07	3	50000	934.80645161	21.87419355	100	10	20	0
199	1.00E+07	3	50000	928.67741935	21.79032258	100	10	20	0
200	1.00E+07	3	50000	922.5483871	21.70645161	100	10	20	0
201	1.00E+07	3	50000	916.41935484	21.62258065	100	10	20	0
202	1.00E+07	3	50000	910.29032258	21.53870968	100	10	20	0
203	1.00E+07	3	50000	904.16129032	21.45483871	100	10	20	0
204	1.00E+07	3	50000	898.03225806	21.37096774	100	10	20	0
205	1.00E+07	3	50000	891.90322581	21.28709677	100	10	20	0
206	1.00E+07	3	50000	885.77419355	21.20322581	100	10	20	0
207	1.00E+07	3	50000	879.64516129	21.11935484	100	10	20	0
208	1.00E+07	3	50000	873.51612903	21.03548387	100	10	20	0
209	1.00E+07	3	50000	867.38709677	20.9516129	100	10	20	0
210	1.00E+07	3	50000	861.25806452	20.86774194	100	10	20	0
211	1.00E+07	3	50000	855.12903226	20.78387097	100	10	20	0
212	1.00E+07	3	50000	849	20.7	100	10	20	0
213	1.00E+07	3	50000	849	20.72419355	100	10	20	0
214	1.00E+07	3	50000	849	20.7483871	100	10	20	0
215	1.00E+07	3	50000	849	20.77258065	100	10	20	0
216	1.00E+07	3	50000	849	20.79677419	100	10	20	0
217	1.00E+07	3	50000	849	20.82096774	100	10	20	0
218	1.00E+07	3	50000	849	20.84516129	100	10	20	0
219	1.00E+07	3	50000	849	20.86935484	100	10	20	0
220	1.00E+07	3	50000	849	20.89354839	100	10	20	0
221	1.00E+07	3	50000	849	20.91774194	100	10	20	0
222	1.00E+07	3	50000	849	20.94193548	100	10	20	0
223	1.00E+07	3	50000	849	20.96612903	100	10	20	0
224	1.00E+07	3	50000	849	20.99032258	100	10	20	0
225	1.00E+07	3	50000	849	21.01451613	100	10	20	0
226	1.00E+07	3	50000	849	21.03870968	100	10	20	0
227	1.00E+07	3	50000	849	21.06290323	100	10	20	0
228	1.00E+07	3	50000	849	21.08709677	100	10	20	0
229	1.00E+07	3	50000	849	21.11129032	100	10	20	0
230	1.00E+07	3	50000	849	21.13548387	100	10	20	0
231	1.00E+07	3	50000	849	21.15967742	100	10	20	0
232	1.00E+07	3	50000	849	21.18387097	100	10	20	0
233	1.00E+07	3	50000	849	21.20806452	100	10	20	0
234	1.00E+07	3	50000	849	21.23225806	100	10	20	0
235	1.00E+07	3	50000	849	21.25645161	100	10	20	0
236	1.00E+07	3	50000	849	21.28064516	100	10	20	0
237	1.00E+07	3	50000	849	21.30483871	100	10	20	0
238	1.00E+07	3	50000	849	21.32903226	100	10	20	0
239	1.00E+07	3	50000	849	21.35322581	100	10	20	0
240	1.00E+07	3	50000	849	21.37741935	100	10	20	0
241	1.00E+07	3	50000	849	21.4016129	100	10	20	0
242	1.00E+07	3	50000	849	21.42580645	100	10	20	0
243	1.00E+07	3	50000	849	21.45	100	10	20	0
244	1.00E+07	3	50000	837.7	21.24833333	100	10	20	0
245	1.00E+07	3	50000	826.4	21.04666667	100	10	20	0
246	1.00E+07	3	50000	815.1	20.845	100	10	20	0
247	1.00E+07	3	50000	803.8	20.64333333	100	10	20	0
248	1.00E+07	3	50000	792.5	20.44166667	100	10	20	0
249	1.00E+07	3	50000	781.2	20.24	100	10	20	0
250	1.00E+07	3	50000	769.9	20.03833333	100	10	20	0
251	1.00E+07	3	50000	758.6	19.83666667	100	10	20	0
252	1.00E+07	3	50000	747.3	19.635	100	10	20	0
253	1.00E+07	3	50000	736	19.43333333	100	10	20	0
254	1.00E+07	3	50000	724.7	19.23166667	100	10	20	0
255	1.00E+07	3	50000	713.4	19.03	100	10	20	0
256	1.00E+07	3	50000	702.1	18.82833333	100	10	20	0
257	1.00E+07	3	50000	690.8	18.62666667	100	10	20	0
258	1.00E+07	3	50000	679.5	18.425	100	10	20	0
259	1.00E+07	3	50000	668.2	18.22333333	100	10	20	0
260	1.00E+07	3	50000	656.9	18.02166667	100	10	20	0
261	1.00E+07	3	50000	645.6	17.82	100	10	20	0
262	1.00E+07	3	50000	634.3	17.61833333	100	10	20	0
263	1.00E+07	3	50000	623	17.41666667	100	10	20	0
264	1.00E+07	3	50000	611.7	17.215	100	10	20	0
265	1.00E+07	3	50000	600.4	17.01333333	100	10	20	0
266	1.00E+07	3	50000	589.1	16.81166667	100	10	20	0
267	1.00E+07	3	50000	577.8	16.61	100	10	20	0
268	1.00E+07	3	50000	566.5	16.40833333	100	10	20	0
269	1.00E+07	3	50000	555.2	16.20666667	100	10	20	0
270	1.00E+07	3	50000	543.9	16.005	100	10	20	0
271	1.00E+07	3	50000	532.6	15.80333333	100	10	20	0
272	1.00E+07	3	50000	521.3	15.60166667	100	10	20	0
273	1.00E+07	3	50000	510	15.4	100	10	20	0
274	1.00E+07	3	50000	503.77419355	15.27354839	100	10	20	0
275	1.00E+07	3	50000	497.5483871	15.14709677	100	10	20	0
276	1.00E+07	3	50000	491.32258065	15.02064516	100	10	20	0
277	1.00E+07	3	50000	485.09677419	14.89419355	100	10	20	0
278	1.00E+07	3	50000	478.87096774	14.76774194	100	10	20	0
279	1.00E+07	3	50000	472.64516129	14.64129032	100	10	20	0
280	1.00E+07	3	50000	466.41935484	14.51483871	100	10	20	0
281	1.00E+07	3	50000	460.19354839	14.3883871	100	10	20	0
282	1.00E+07	3	50000	453.96774194	14.26193548	100	10	20	0
283	1.00E+07	3	50000	447.74193548	14.13548387	100	10	20	0
284	1.00E+07	3	50000	441.51612903	14.00903226	100	10	20	0
285	1.00E+07	3	50000	435.29032258	13.88258065	100	10	20	0
286	1.00E+07	3	50000	429.06451613	13.75612903	100	10	20	0
287	1.00E+07	3	50000	422.83870968	13.62967742	100	10	20	0
288	1.00E+07	3	50000	416.61290323	13.50322581	100	10	20	0
289	1.00E+07	3	50000	410.38709677	13.37677419	100	10	20	0
290	1.00E+07	3	50000	404.16129032	13.25032258	100	10	20	0
291	1.00E+07	3	50000	397.93548387	13.12387097	100	10	20	0
292	1.00E+07	3	50000	391.70967742	12.99741935	100	10	20	0
293	1.00E+07	3	50000	385.48387097	12.87096774	100	10	20	0
294	1.00E+07	3	50000	379.25806452	12.74451613	100	10	20	0
295	1.00E+07	3	50000	373.03225806	12.61806452	100	10	20	0
296	1.00E+07	3	50000	366.80645161	12.4916129	100	10	20	0
297	1.00E+07	3	50000	360.58064516	12.36516129	100	10	20	0
298	1.00E+07	3	50000	354.35483871	12.23870968	100	10	20	0
299	1.00E+07	3	50000	348.12903226	12.11225806	100	10	20	0
300	1.00E+07	3	50000	341.90322581	11.98580645	100	10	20	0
301	1.00E+07	3	50000	335.67741935	11.85935484	100	10	20	0
302	1.00E+07	3	50000	329.4516129	11.73290323	100	10	20	0
303	1.00E+07	3	50000	323.22580645	11.60645161	100	10	20	0
304	1.00E+07	3	50000	317	11.48	100	10	20	0
305	1.00E+07	3	50000	311.13333333	11.19066667	100	10	20	0
306	1.00E+07	3	50000	305.26666667	10.90133333	100	10	20	0
307	1.00E+07	3	50000	299.4	10.612	100	10	20	0
308	1.00E+07	3	50000	293.53333333	10.32266667	100	10	20	0
309	1.00E+07	3	50000	287.66666667	10.03333333	100	10	20	0
310	1.00E+07	3	50000	281.8	9.744	100	10	20	0
311	1.00E+07	3	50000	275.93333333	9.45466667	100	10	20	0
312	1.00E+07	3	50000	270.06666667	9.16533333	100	10	20	0
313	1.00E+07	3	50000	264.2	8.876	100	10	20	0
314	1.00E+07	3	50000	258.33333333	8.58666667	100	10	20	0
315	1.00E+07	3	50000	252.46666667	8.29733333	100	10	20	0
316	1.00E+07	3	50000	246.6	8.008	100	10	20	0
317	1.00E+07	3	50000	240.73333333	7.71866667	100	10	20	0
318	1.00E+07	3	50000	234.86666667	7.42933333	100	10	20	0
319	1.00E+07	3	50000	229	7.14	100	10	20	0
320	1.00E+07	3	50000	223.13333333	6.85066667	100	10	20	0
321	1.00E+07	3	50000	217.26666667	6.56133333	100	10	20	0
322	1.00E+07	3	50000	211.4	6.272	100	10	20	0
323	1.00E+07	3	50000	205.53333333	5.98266667	100	10	20	0
324	1.00E+07	3	50000	199.66666667	5.69333333	100	10	20	0
325	1.00E+07	3	50000	193.8	5.404	100	10	20	0
326	1.00E+07	3	50000	187.93333333	5.11466667	100	10	20	0
327	1.00E+07	3	50000	182.06666667	4.82533333	100	10	20	0
328	1.00E+07	3	50000	176.2	4.536	100	10	20	0
329	1.00E+07	3	50000	170.33333333	4.24666667	100	10	20	0
330	1.00E+07	3	50000	164.46666667	3.95733333	100	10	20	0
331	1.00E+07	3	50000	158.6	3.668	100	10	20	0
332	1.00E+07	3	50000	152.73333333	3.37866667	100	10	20	0
333	1.00E+07	3	50000	146.86666667	3.08933333	100	10	20	0
334	1.00E+07	3	50000	141	2.8	100	10	20	0
335	1.00E+07	3	50000	141.77419355	2.81935484	100	10	20	0
336	1.00E+07	3	50000	142.5483871	2.83870968	100	10	20	0
337	1.00E+07	3	50000	143.32258065	2.85806452	100	10	20	0
338	1.00E+07	3	50000	144.09677419	2.87741935	100	10	20	0
339	1.00E+07	3	50000	144.87096774	2.89677419	100	10	20	0
340	1.00E+07	3	50000	145.64516129	2.91612903	100	10	20	0
341	1.00E+07	3	50000	146.41935484	2.93548387	100	10	20	0
342	1.00E+07	3	50000	147.19354839	2.95483871	100	10	20	0
343	1.00E+07	3	50000	147.96774194	2.97419355	100	10	20	0
344	1.00E+07	3	50000	148.74193548	2.99354839	100	10	20	0
345	1.00E+07	3	50000	149.51612903	3.01290323	100	10	20	0
346	1.00E+07	3	50000	150.29032258	3.03225806	100	10	20	0
347	1.00E+07	3	50000	151.06451613	3.0516129	100	10	20	0
348	1.00E+07	3	50000	151.83870968	3.07096774	100	10	20	0
349	1.00E+07	3	50000	152.61290323	3.09032258	100	10	20	0
350	1.00E+07	3	50000	153.38709677	3.10967742	100	10	20	0
351	1.00E+07	3	50000	154.16129032	3.12903226	100	10	20	0
352	1.00E+07	3	50000	154.93548387	3.1483871	100	10	20	0
353	1.00E+07	3	50000	155.70967742	3.16774194	100	10	20	0
354	1.00E+07	3	50000	156.48387097	3.18709677	100	10	20	0
355	1.00E+07	3	50000	157.25806452	3.20645161	100	10	20	0
356	1.00E+07	3	50000	158.03225806	3.22580645	100	10	20	0
357	1.00E+07	3	50000	158.80645161	3.24516129	100	10	20	0
358	1.00E+07	3	50000	159.58064516	3.26451613	100	10	20	0
359	1.00E+07	3	50000	160.35483871	3.28387097	100	10	20	0
360	1.00E+07	3	50000	161.12903226	3.30322581	100	10	20	0
361	1.00E+07	3	50000	161.90322581	3.32258065	100	10	20	0
362	1.00E+07	3	50000	162.67741935	3.34193548	100	10	20	0
363	1.00E+07	3	50000	163.4516129	3.36129032	100	10	20	0
364	1.00E+07	3	50000	164.22580645	3.38064516	100	10	20	0
365	1.00E+07	3	50000	165	3.4	100	10	20	0
366	1.00E+07	3	50000	164.09677419	3.41612903	100	10	20	1
367	1.00E+07	3	50000	163.19354839	3.43225806	100	10	20	1
368	1.00E+07	3	50000	162.29032258	3.4483871	100	10	20	1
369	1.00E+07	3	50000	161.38709677	3.46451613	100	10	20	1
370	1.00E+07	3	50000	160.48387097	3.48064516	100	10	20	1
371	1.00E+07	3	50000	159.58064516	3.49677419	100	10	20	1
372	1.00E+07	3	50000	158.67741935	3.51290323	100	10	20	0
373	1.00E+07	3	50000	157.77419355	3.52903226	100	10	20	0
374	1.00E+07	3	50000	156.87096774	3.54516129	100	10	20	0
375	1.00E+07	3	50000	155.96774194	3.56129032	100	10	20	0
376	1.00E+07	3	50000	155.06451613	3.57741935	100	10	20	0
377	1.00E+07	3	50000	154.16129032	3.59354839	100	10	20	0
378	1.00E+07	3	50000	153.25806452	3.60967742	100	10	20	0
379	1.00E+07	3	50000	152.35483871	3.62580645	100	10	20	0
380	1.00E+07	3	50000	151.4516129	3.64193548	100	10	20	0
381	1.00E+07	3	50000	150.5483871	3.65806452	100	10	20	0
382	1.00E+07	3	50000	149.64516129	3.67419355	100	10	20	0
383	1.00E+07	3	50000	148.74193548	3.69032258	100	10	20	0
384	1.00E+07	3	50000	147.83870968	3.70645161	100	10	20	0
385	1.00E+07	3	50000	146.93548387	3.72258065	100	10	20	0
386	1.00E+07	3	50000	146.03225806	3.73870968	100	10	20	0
387	1.00E+07	3	50000	145.12903226	3.75483871	100	10	20	0
388	1.00E+07	3	50000	144.22580645	3.77096774	100	10	20	0
389	1.00E+07	3	50000	143.32258065	3.78709677	100	10	20	0
390	1.00E+07	3	50000	142.41935484	3.80322581	100	10	20	0
391	1.00E+07	3	50000	141.51612903	3.81935484	100	10	20	0
392	1.00E+07	3	50000	140.61290323	3.83548387	100	10	20	0
393	1.00E+07	3	50000	139.70967742	3.8516129	100	10	20	0
394	1.00E+07	3	50000	138.80645161	3.86774194	100	10	20	0
395	1.00E+07	3	50000	137.90322581	3.88387097	100	10	20	0
396	1.00E+07	3	50000	137	3.9	100	10	20	0
397	1.00E+07	3	50000	141.89285714	3.84285714	100	10	20	0
398	1.00E+07	3	50000	146.78571429	3.78571429	100	10	20	0
399	1.00E+07	3	50000	151.67857143	3.72857143	100	10	20	0
400	1.00E+07	3	50000	156.57142857	3.67142857	100	10	20	0
401	1.00E+07	3	50000	161.46428571	3.61428571	100	10	20	0
402	1.00E+07	3	50000	166.35714286	3.55714286	100	10	20	0
403	1.00E+07	3	50000	171.25	3.5	100	10	20	0
404	1.00E+07	3	50000	176.14285714	3.44285714	100	10	20	0
405	1.00E+07	3	50000	181.03571429	3.38571429	100	10	20	0
406	1.00E+07	3	50000	185.92857143	3.32857143	100	10	20	0
407	1.00E+07	3	50000	190.82142857	3.27142857	100	10	20	0
408	1.00E+07	3	50000	195.71428571	3.21428571	100	10	20	0
409	1.00E+07	3	50000	200.60714286	3.15714286	100	10	20	0
410	1.00E+07	3	50000	205.5	3.1	100	10	20	0
411	1.00E+07	3	50000	210.39285714	3.04285714	100	10	20	0
412	1.00E+07	3	50000	215.28571429	2.98571429	100	10	20	0
413	1.00E+07	3	50000	220.17857143	2.92857143	100	10	20	0
414	1.00E+07	3	50000	225.07142857	2.87142857	100	10	20	0
415	1.00E+07	3	50000	229.96428571	2.81428571	100	10	20	0
416	1.00E+07	3	50000	234.85714286	2.75714286	100	10	20	0
417	1.00E+07	3	50000	239.75	2.7	100	10	20	0
418	1.00E+07	3	50000	244.64285714	2.64285714	100	10	20	0
419	1.00E+07	3	50000	249.53571429	2.58571429	100	10	20	0
420	1.00E+07	3	50000	254.42857143	2.52857143	100	10	20	0
421	1.00E+07	3	50000	259.32142857	2.47142857	100	10	20	0
422	1.00E+07	3	50000	264.21428571	2.41428571	100	10	20	0
423	1.00E+07	3	50000	269.10714286	2.35714286	100	10	20	0
424	1.00E+07	3	50000	274	2.3	100	10	20	0
425	1.00E+07	3	50000	280.29032258	2.36774194	100	10	20	0
426	1.00E+07	3	50000	286.58064516	2.43548387	100	10	20	0
427	1.00E+07	3	50000	292.87096774	2.50322581	100	10	20	0
428	1.00E+07	3	50000	299.16129032	2.57096774	100	10	20	0
429	1.00E+07	3	50000	305.4516129	2.63870968	100	10	20	0
430	1.00E+07	3	50000	311.74193548	2.70645161	100	10	20	0
431	1.00E+07	3	50000	318.03225806	2.77419355	100	10	20	0
432	1.00E+07	3	50000	324.32258065	2.84193548	100	10	20	0
433	1.00E+07	3	50000	330.61290323	2.90967742	100	10	20	0
434	1.00E+07	3	50000	336.90322581	2.97741935	100	10	20	0
435	1.00E+07	3	50000	343.19354839	3.04516129	100	10	20	0
436	1.00E+07	3	50000	349.48387097	3.11290323	100	10	20	0
437	1.00E+07	3	50000	355.77419355	3.18064516	100	10	20	0
438	1.00E+07	3	50000	362.06451613	3.2483871	100	10	20	0
439	1.00E+07	3	50000	368.35483871	3.31612903	100	10	20	0
440	1.00E+07	3	50000	374.64516129	3.38387097	100	10	20	0
441	1.00E+07	3	50000	380.93548387	3.4516129	100	10	20	0
442	1.00E+07	3	50000	387.22580645	3.51935484	100	10	20	0
443	1.00E+07	3	50000	393.51612903	3.58709677	100	10	20	0
444	1.00E+07	3	50000	399.80645161	3.65483871	100	10	20	0
445	1.00E+07	3	50000	406.09677419	3.72258065	100	10	20	0
446	1.00E+07	3	50000	412.38709677	3.79032258	100	10	20	0
447	1.00E+07	3	50000	418.67741935	3.85806452	100	10	20	0
448	1.00E+07	3	50000	424.96774194	3.92580645	100	10	20	0
449	1.00E+07	3	50000	431.25806452	3.99354839	100	10	20	0
450	1.00E+07	3	50000	437.5483871	4.06129032	100	10	20	0
451	1.00E+07	3	50000	443.83870968	4.12903226	100	10	20	0
452	1.00E+07	3	50000	450.12903226	4.19677419	100	10	20	0
453	1.00E+07	3	50000	456.41935484	4.26451613	100	10	20	0
454	1.00E+07	3	50000	462.70967742	4.33225806	100	10	20	0
455	1.00E+07	3	50000	469	4.4	100	10	20	0
456	1.00E+07	3	50000	474.76666667	4.61666667	100	10	20	0
457	1.00E+07	3	50000	480.53333333	4.83333333	100	10	20	0
458	1.00E+07	3	50000	486.3	5.05	100	10	20	0
459	1.00E+07	3	50000	492.06666667	5.26666667	100	10	20	0
460	1.00E+07	3	50000	497.83333333	5.48333333	100	10	20	0
461	1.00E+07	3	50000	503.6	5.7	100	10	20	0
462	1.00E+07	3	50000	509.36666667	5.91666667	100	10	20	0
463	1.00E+07	3	50000	515.13333333	6.13333333	100	10	20	0
464	1.00E+07	3	50000	520.9	6.35	100	10	20	0
465	1.00E+07	3	50000	526.66666667	6.56666667	100	10	20	0
466	1.00E+07	3	50000	532.43333333	6.78333333	100	10	20	0
467	1.00E+07	3	50000	538.2	7	100	10	20	0
468	1.00E+07	3	50000	543.96666667	7.21666667	100	10	20	0
469	1.00E+07	3	50000	549.73333333	7.43333333	100	10	20	0
470	1.00E+07	3	50000	555.5	7.65	100	10	20	0
471	1.00E+07	3	50000	561.26666667	7.86666667	100	10	20	0
472	1.00E+07	3	50000	567.03333333	8.08333333	100	10	20	0
473	1.00E+07	3	50000	572.8	8.3	100	10	20	0
474	1.00E+07	3	50000	578.56666667	8.51666667	100	10	20	0
475	1.00E+07	3	50000	584.33333333	8.73333333	100	10	20	0
476	1.00E+07	3	50000	590.1	8.95	100	10	20	0
477	1.00E+07	3	50000	595.86666667	9.16666667	100	10	20	0
478	1.00E+07	3	50000	601.63333333	9.38333333	100	10	20	0
479	1.00E+07	3	50000	607.4	9.6	100	10	20	0
480	1.00E+07	3	50000	613.16666667	9.81666667	100	10	20	0
481	1.00E+07	3	50000	618.93333333	10.03333333	100	10	20	0
482	1.00E+07	3	50000	624.7	10.25	100	10	20	0
483	1.00E+07	3	50000	630.46666667	10.46666667	100	10	20	0
484	1.00E+07	3	50000	636.23333333	10.68333333	100	10	20	0
485	1.00E+07	3	50000	642	10.9	100	10	20	0
486	1.00E+07	3	50000	654.35483871	11.10967742	100	10	20	0
487	1.00E+07	3	50000	666.70967742	11.31935484	100	10	20	0
488	1.00E+07	3	50000	679.06451613	11.52903226	100	10	20	0
489	1.00E+07	3	50000	691.41935484	11.73870968	100	10	20	0
490	1.00E+07	3	50000	703.77419355	11.9483871	100	10	20	0
491	1.00E+07	3	50000	716.12903226	12.15806452	100	10	20	0
492	1.00E+07	3	50000	728.48387097	12.36774194	100	10	20	0
493	1.00E+07	3	50000	740.83870968	12.57741935	100	10	20	0
494	1.00E+07	3	50000	753.19354839	12.78709677	100	10	20	0
495	1.00E+07	3	50000	765.5483871	12.99677419	100	10	20	0
496	1.00E+07	3	50000	777.90322581	13.20645161	100	10	20	0
497	1.00E+07	3	50000	790.25806452	13.41612903	100	10	20	0
498	1.00E+07	3	50000	802.61290323	13.62580645	100	10	20	0
499	1.00E+07	3	50000	814.96774194	13.83548387	100	10	20	0
500	1.00E+07	3	50000	827.32258065	14.04516129	100	10	20	0
501	1.00E+07	3	50000	839.67741935	14.25483871	100	10	20	0
502	1.00E+07	3	50000	852.03225806	14.46451613	100	10	20	0
503	1.00E+07	3	50000	864.38709677	14.67419355	100	10	20	0
504	1.00E+07	3	50000	876.74193548	14.88387097	100	10	20	0
505	1.00E+07	3	50000	889.09677419	15.09354839	100	10	20	0
506	1.00E+07	3	50000	901.4516129	15.30322581	100	10	20	0
507	1.00E+07	3	50000	913.80645161	15.51290323	100	10	20	0
508	1.00E+07	3	50000	926.16129032	15.72258065	100	10	20	0
509	1.00E+07	3	50000	938.51612903	15.93225806	100	10	20	0
510	1.00E+07	3	50000	950.87096774	16.14193548	100	10	20	0
511	1.00E+07	3	50000	963.22580645	16.3516129	100	10	20	0
512	1.00E+07	3	50000	975.58064516	16.56129032	100	10	20	0
513	1.00E+07	3	50000	987.93548387	16.77096774	100	10	20	0
514	1.00E+07	3	50000	1000.29032258	16.98064516	100	10	20	0
515	1.00E+07	3	50000	1012.64516129	17.19032258	100	10	20	0
516	1.00E+07	3	50000	1025	17.4	100	10	20	0
517	1.00E+07	3	50000	1028.26666667	17.55666667	100	10	20	0
518	1.00E+07	3	50000	1031.53333333	17.71333333	100	10	20	0
519	1.00E+07	3	50000	1034.8	17.87	100	10	20	0
520	1.00E+07	3	50000	1038.06666667	18.02666667	100	10	20	0
521	1.00E+07	3	50000	1041.33333333	18.18333333	100	10	20	0
522	1.00E+07	3	50000	1044.6	18.34	100	10	20	0
523	1.00E+07	3	50000	1047.86666667	18.49666667	100	10	20	0
524	1.00E+07	3	50000	1051.13333333	18.65333333	100	10	20	0
525	1.00E+07	3	50000	1054.4	18.81	100	10	20	0
526	1.00E+07	3	50000	1057.66666667	18.96666667	100	10	20	0
527	1.00E+07	3	50000	1060.93333333	19.12333333	100	10	20	0
528	1.00E+07	3	50000	1064.2	19.28	100	10	20	0
529	1.00E+07	3	50000	1067.46666667	19.43666667	100	10	20	0
530	1.00E+07	3	50000	1070.73333333	19.59333333	100	10	20	0
531	1.00E+07	3	50000	1074	19.75	100	10	20	0
532	1.00E+07	3	50000	1077.26666667	19.90666667	100	10	20	0
533	1.00E+07	3	50000	1080.53333333	20.06333333	100	10	20	0
534	1.00E+07	3	50000	1083.8	20.22	100	10	20	0
535	1.00E+07	3	50000	1087.06666667	20.37666667	100	10	20	0
536	1.00E+07	3	50000	1090.33333333	20.53333333	100	10	20	0
537	1.00E+07	3	50000	1093.6	20.69	100	10	20	0
538	1.00E+07	3	50000	1096.86666667	20.84666667	100	10	20	0
539	1.00E+07	3	50000	1100.13333333	21.00333333	100	10	20	0
540	1.00E+07	3	50000	1103.4	21.16	100	10	20	0
541	1.00E+07	3	50000	1106.66666667	21.31666667	100	10	20	0
542	1.00E+07	3	50000	1109.93333333	21.47333333	100	10	20	0
543	1.00E+07	3	50000	1113.2	21.63	100	10	20	0
544	1.00E+07	3	50000	1116.46666667	21.78666667	100	10	20	0
545	1.00E+07	3	50000	1119.73333333	21.94333333	100	10	20	0
546	1.00E+07	3	50000	1123	22.1	100	10	20	0
547	1.00E+07	3	50000	1115.83870968	22.02258065	100	10	20	0
548	1.00E+07	3	50000	1108.67741935	21.94516129	100	10	20	0
549	1.00E+07	3	50000	1101.51612903	21.86774194	100	10	20	0
550	1.00E+07	3	50000	1094.35483871	21.79032258	100	10	20	0
551	1.00E+07	3	50000	1087.19354839	21.71290323	100	10	20	0
552	1.00E+07	3	50000	1080.03225806	21.63548387	100	10	20	0
553	1.00E+07	3	50000	1072.87096774	21.55806452	100	10	20	0
554	1.00E+07	3	50000	1065.70967742	21.48064516	100	10	20	0
555	1.00E+07	3	50000	1058.5483871	21.40322581	100	10	20	0
556	1.00E+07	3	50000	1051.38709677	21.32580645	100	10	20	0
557	1.00E+07	3	50000	1044.22580645	21.2483871	100	10	20	0
558	1.00E+07	3	50000	1037.06451613	21.17096774	100	10	20	0
559	1.00E+07	3	50000	1029.90322581	21.09354839	100	10	20	0
560	1.00E+07	3	50000	1022.74193548	21.01612903	100	10	20	0
561	1.00E+07	3	50000	1015.58064516	20.93870968	100	10	20	0
562	1.00E+07	3	50000	1008.41935484	20.86129032	100	10	20	0
563	1.00E+07	3	50000	1001.25806452	20.78387097	100	10	20	0
564	1.00E+07	3	50000	994.09677419	20.70645161	100	10	20	0
565	1.00E+07	3	50000	986.93548387	20.62903226	100	10	20	0
566	1.00E+07	3	50000	979.77419355	20.5516129	100	10	20	0
567	1.00E+07	3	50000	972.61290323	20.47419355	100	10	20	0
568	1.00E+07	3	50000	965.4516129	20.39677419	100	10	20	0
569	1.00E+07	3	50000	958.29032258	20.31935484	100	10	20	0
570	1.00E+07	3	50000	951.12903226	20.24193548	100	10	20	0
571	1.00E+07	3	50000	943.96774194	20.16451613	100	10	20	0
572	1.00E+07	3	50000	936.80645161	20.08709677	100	10	20	0
573	1.00E+07	3	50000	929.64516129	20.00967742	100	10	20	0
574	1.00E+07	3	50000	922.48387097	19.93225806	100	10	20	0
575	1.00E+07	3	50000	915.32258065	19.85483871	100	10	20	0
576	1.00E+07	3	50000	908.16129032	19.77741935	100	10	20	0
577	1.00E+07	3	50000	901	19.7	100	10	20	0
578	1.00E+07	3	50000	896.12903226	19.6516129	100	10	20	0
579	1.00E+07	3	50000	891.25806452	19.60322581	100	10	20	0
580	1.00E+07	3	50000	886.38709677	19.55483871	100	10	20	0
581	1.00E+07	3	50000	881.51612903	19.50645161	100	10	20	0
582	1.00E+07	3	50000	876.64516129	19.45806452	100	10	20	0
583	1.00E+07	3	50000	871.77419355	19.40967742	100	10	20	0
584	1.00E+07	3	50000	866.90322581	19.36129032	100	10	20	0
585	1.00E+07	3	50000	862.03225806	19.31290323	100	10	20	0
586	1.00E+07	3	50000	857.16129032	19.26451613	100	10	20	0
587	1.00E+07	3	50000	852.29032258	19.21612903	100	10	20	0
588	1.00E+07	3	50000	847.41935484	19.16774194	100	10	20	0
589	1.00E+07	3	50000	842.5483871	19.11935484	100	10	20	0
590	1.00E+07	3	50000	837.67741935	19.07096774	100	10	20	0
591	1.00E+07	3	50000	832.80645161	19.02258065	100	10	20	0
592	1.00E+07	3	50000	827.93548387	18.97419355	100	10	20	0
593	1.00E+07	3	50000	823.06451613	18.92580645	100	10	20	0
594	1.00E+07	3	50000	818.19354839	18.87741935	100	10	20	0
595	1.00E+07	3	50000	813.32258065	18.82903226	100	10	20	0
596	1.00E+07	3	50000	808.4516129	18.78064516	100	10	20	0
597	1.00E+07	3	50000	803.58064516	18.73225806	100	10	20	0
598	1.00E+07	3	50000	798.70967742	18.68387097	100	10	20	0
599	1.00E+07	3	50000	793.83870968	18.63548387	100	10	20	0
600	1.00E+07	3	50000	788.96774194	18.58709677	100	10	20	0
601	1.00E+07	3	50000	784.09677419	18.53870968	100	10	20	0
602	1.00E+07	3	50000	779.22580645	18.49032258	100	10	20	0
603	1.00E+07	3	50000	774.35483871	18.44193548	100	10	20	0
604	1.00E+07	3	50000	769.48387097	18.39354839	100	10	20	0
605	1.00E+07	3	50000	764.61290323	18.34516129	100	10	20	0
606	1.00E+07	3	50000	759.74193548	18.29677419	100	10	20	0
607	1.00E+07	3	50000	754.87096774	18.2483871	100	10	20	0
608	1.00E+07	3	50000	750	18.2	100	10	20	0
609	1.00E+07	3	50000	742.2	18.03666667	100	10	20	0
610	1.00E+07	3	50000	734.4	17.87333333	100	10	20	0
611	1.00E+07	3	50000	726.6	17.71	100	10	20	0
612	1.00E+07	3	50000	718.8	17.54666667	100	10	20	0
613	1.00E+07	3	50000	711	17.38333333	100	10	20	0
614	1.00E+07	3	50000	703.2	17.22	100	10	20	0
615	1.00E+07	3	50000	695.4	17.05666667	100	10	20	0
616	1.00E+07	3	50000	687.6	16.89333333	100	10	20	0
617	1.00E+07	3	50000	679.8	16.73	100	10	20	0
618	1.00E+07	3	50000	672	16.56666667	100	10	20	0
619	1.00E+07	3	50000	664.2	16.40333333	100	10	20	0
620	1.00E+07	3	50000	656.4	16.24	100	10	20	0
621	1.00E+07	3	50000	648.6	16.07666667	100	10	20	0
622	1.00E+07	3	50000	640.8	15.91333333	100	10	20	0
623	1.00E+07	3	50000	633	15.75	100	10	20	0
624	1.00E+07	3	50000	625.2	15.58666667	100	10	20	0
625	1.00E+07	3	50000	617.4	15.42333333	100	10	20	0
626	1.00E+07	3	50000	609.6	15.26	100	10	20	0
627	1.00E+07	3	50000	601.8	15.09666667	100	10	20	0
628	1.00E+07	3	50000	594	14.93333333	100	10	20	0
629	1.00E+07	3	50000	586.2	14.77	100	10	20	0
630	1.00E+07	3	50000	578.4	14.60666667	100	10	20	0
631	1.00E+07	3	50000	570.6	14.44333333	100	10	20	0
632	1.00E+07	3	50000	562.8	14.28	100	10	20	0
633	1.00E+07	3	50000	555	14.11666667	100	10	20	0
634	1.00E+07	3	50000	547.2	13.95333333	100	10	20	0
635	1.00E+07	3	50000	539.4	13.79	100	10	20	0
636	1.00E+07	3	50000	531.6	13.62666667	100	10	20	0
637	1.00E+07	3	50000	523.8	13.46333333	100	10	20	0
638	1.00E+07	3	50000	516	13.3	100	10	20	0
639	1.00E+07	3	50000	510.83870968	13.22903226	100	10	20	0
640	1.00E+07	3	50000	505.67741935	13.15806452	100	10	20	0
641	1.00E+07	3	50000	500.51612903	13.08709677	100	10	20	0
642	1.00E+07	3	50000	495.35483871	13.01612903	100	10	20	0
643	1.00E+07	3	50000	490.19354839	12.94516129	100	10	20	0
644	1.00E+07	3	50000	485.03225806	12.87419355	100	10	20	0
645	1.00E+07	3	50000	479.87096774	12.80322581	100	10	20	0
646	1.00E+07	3	50000	474.70967742	12.73225806	100	10	20	0
647	1.00E+07	3	50000	469.5483871	12.66129032	100	10	20	0
648	1.00E+07	3	50000	464.38709677	12.59032258	100	10	20	0
649	1.00E+07	3	50000	459.22580645	12.51935484	100	10	20	0
650	1.00E+07	3	50000	454.06451613	12.4483871	100	10	20	0
651	1.00E+07	3	50000	448.90322581	12.37741935	100	10	20	0
652	1.00E+07	3	50000	443.74193548	12.30645161	100	10	20	0
653	1.00E+07	3	50000	438.58064516	12.23548387	100	10	20	0
654	1.00E+07	3	50000	433.41935484	12.16451613	100	10	20	0
655	1.00E+07	3	50000	428.25806452	12.09354839	100	10	20	0
656	1.00E+07	3	50000	423.09677419	12.02258065	100	10	20	0
657	1.00E+07	3	50000	417.93548387	11.9516129	100	10	20	0
658	1.00E+07	3	50000	412.77419355	11.88064516	100	10	20	0
659	1.00E+07	3	50000	407.61290323	11.80967742	100	10	20	0
660	1.00E+07	3	50000	402.4516129	11.73870968	100	10	20	0
661	1.00E+07	3	50000	397.29032258	11.66774194	100	10	20	0
662	1.00E+07	3	50000	392.12903226	11.59677419	100	10	20	0
663	1.00E+07	3	50000	386.96774194	11.52580645	100	10	20	0
664	1.00E+07	3	50000	381.80645161	11.45483871	100	10	20	0
665	1.00E+07	3	50000	376.64516129	11.38387097	100	10	20	0
666	1.00E+07	3	50000	371.48387097	11.31290323	100	10	20	0
667	1.00E+07	3	50000	366.32258065	11.24193548	100	10	20	0
668	1.00E+07	3	50000	361.16129032	11.17096774	100	10	20	0
669	1.00E+07	3	50000	356	11.1	100	10	20	0
670	1.00E+07	3	50000	349.03333333	10.85	100	10	20	0
671	1.00E+07	3	50000	342.06666667	10.6	100	10	20	0
672	1.00E+07	3	50000	335.1	10.35	100	10	20	0
673	1.00E+07	3	50000	328.13333333	10.1	100	10	20	0
674	1.00E+07	3	50000	321.16666667	9.85	100	10	20	0
675	1.00E+07	3	50000	314.2	9.6	100	10	20	0
676	1.00E+07	3	50000	307.23333333	9.35	100	10	20	0
677	1.00E+07	3	50000	300.26666667	9.1	100	10	20	0
678	1.00E+07	3	50000	293.3	8.85	100	10	20	0
679	1.00E+07	3	50000	286.33333333	8.6	100	10	20	0
680	1.00E+07	3	50000	279.36666667	8.35	100	10	20	0
681	1.00E+07	3	50000	272.4	8.1	100	10	20	0
682	1.00E+07	3	50000	265.43333333	7.85	100	10	20	0
683	1.00E+07	3	50000	258.46666667	7.6	100	10	20	0
684	1.00E+07	3	50000	251.5	7.35	100	10	20	0
685	1.00E+07	3	50000	244.53333333	7.1	100	10	20	0
686	1.00E+07	3	50000	237.56666667	6.85	100	10	20	0
687	1.00E+07	3	50000	230.6	6.6	100	10	20	0
688	1.00E+07	3	50000	223.63333333	6.35	100	10	20	0
689	1.00E+07	3	50000	216.66666667	6.1	100	10	20	0
690	1.00E+07	3	50000	209.7	5.85	100	10	20	0
691	1.00E+07	3	50000	202.73333333	5.6	100	10	20	0
692	1.00E+07	3	50000	195.76666667	5.35	100	10	20	0
693	1.00E+07	3	50000	188.8	5.1	100	10	20	0
694	1.00E+07	3	50000	181.83333333	4.85	100	10	20	0
695	1.00E+07	3	50000	174.86666667	4.6	100	10	20	0
696	1.00E+07	3	50000	167.9	4.35	100	10	20	0
697	1.00E+07	3	50000	160.93333333	4.1	100	10	20	0
698	1.00E+07	3	50000	153.96666667	3.85	100	10	20	0
699	1.00E+07	3	50000	147	3.6	100	10	20	0
700	1.00E+07	3	50000	145.12903226	3.57419355	100	10	20	0
701	1.00E+07	3	50000	143.25806452	3.5483871	100	10	20	0
702	1.00E+07	3	50000	141.38709677	3.52258065	100	10	20	0
703	1.00E+07	3	50000	139.51612903	3.49677419	100	10	20	0
704	1.00E+07	3	50000	137.64516129	3.47096774	100	10	20	0
705	1.00E+07	3	50000	135.77419355	3.44516129	100	10	20	0
706	1.00E+07	3	50000	133.90322581	3.41935484	100	10	20	0
707	1.00E+07	3	50000	132.03225806	3.39354839	100	10	20	0
708	1.00E+07	3	50000	130.16129032	3.36774194	100	10	20	0
709	1.00E+07	3	50000	128.29032258	3.34193548	100	10	20	0
710	1.00E+07	3	50000	126.41935484	3.31612903	100	10	20	0
711	1.00E+07	3	50000	124.5483871	3.29032258	100	10	20	0
712	1.00E+07	3	50000	122.67741935	3.26451613	100	10	20	0
713	1.00E+07	3	50000	120.80645161	3.23870968	100	10	20	0
714	1.00E+07	3	50000	118.93548387	3.21290323	100	10	20	0
715	1.00E+07	3	50000	117.06451613	3.18709677	100	10	20	0
716	1.00E+07	3	50000	115.19354839	3.16129032	100	10	20	0
717	1.00E+07	3	50000	113.32258065	3.13548387	100	10	20	0
718	1.00E+07	3	50000	111.4516129	3.10967742	100	10	20	0
719	1.00E+07	3	50000	109.58064516	3.08387097	100	10	20	0
720	1.00E+07	3	50000	107.70967742	3.05806452	100	10	20	0
721	1.00E+07	3	50000	105.83870968	3.03225806	100	10	20	0
722	1.00E+07	3	50000	103.96774194	3.00645161	100	10	20	0
723	1.00E+07	3	50000	102.09677419	2.98064516	100	10	20	0
724	1.00E+07	3	50000	100.22580645	2.95483871	100	10	20	0
725	1.00E+07	3	50000	98.35483871	2.92903226	100	10	20	0
726	1.00E+07	3	50000	96.48387097	2.90322581	100	10	20	0
727	1.00E+07	3	50000	94.61290323	2.87741935	100	10	20	0
728	1.00E+07	3	50000	92.74193548	2.8516129	100	10	20	0
729	1.00E+07	3	50000	90.87096774	2.82580645	100	10	20	0
730	1.00E+07	3	50000	89	2.8	100	10	20	0
731	1.00E+07	3	50000	90.83870968	2.77096774	100	10	20	0
732	1.00E+07	3	50000	92.67741935	2.74193548	100	10	20	1
733	1.00E+07	3	50000	94.51612903	2.71290323	100	10	20	1
734	1.00E+07	3	50000	96.35483871	2.68387097	100	10	20	1
735	1.00E+07	3	50000	98.19354839	2.65483871	100	10	20	1
736	1.00E+07	3	50000	100.03225806	2.62580645	100	10	20	1
737	1.00E+07	3	50000	101.87096774	2.59677419	100	10	20	1
738	1.00E+07	3	50000	103.70967742	2.56774194	100	10	20	1
739	1.00E+07	3	50000	105.5483871	2.53870968	100	10	20	1
740	1.00E+07	3	50000	107.38709677	2.50967742	100	10	20	1
741	1.00E+07	3	50000	109.22580645	2.48064516	100	10	20	1
742	1.00E+07	3	50000	111.06451613	2.4516129	100	10	20	1
743	1.00E+07	3	50000	112.90322581	2.42258065	100	10	20	1
744	1.00E+07	3	50000	114.74193548	2.39354839	100	10	20	1
745	1.00E+07	3	50000	116.58064516	2.36451613	100	10	20	1
746	1.00E+07	3	50000	118.41935484	2.33548387	100	10	20	1
747	1.00E+07	3	50000	120.25806452	2.30645161	100	10	20	1
748	1.00E+07	3	50000	122.09677419	2.27741935	100	10	20	1
749	1.00E+07	3	50000	123.93548387	2.2483871	100	10	20	1
750	1.00E+07	3	50000	125.77419355	2.21935484	100	10	20	1
751	1.00E+07	3	50000	127.61290323	2.19032258	100	10	20	1
752	1.00E+07	3	50000	129.4516129	2.16129032	100	10	20	1
753	1.00E+07	3	50000	131.29032258	2.13225806	100	10	20	1
754	1.00E+07	3	50000	133.12903226	2.10322581	100	10	20	1
755	1.00E+07	3	50000	134.96774194	2.07419355	100	10	20	1
756	1.00E+07	3	50000	136.80645161	2.04516129	100	10	20	1
757	1.00E+07	3	50000	138.64516129	2.01612903	100	10	20	1
758	1.00E+07	3	50000	140.48387097	1.98709677	100	10	20	1
759	1.00E+07	3	50000	142.32258065	1.95806452	100	10	20	1
760	1.00E+07	3	50000	144.16129032	1.92903226	100	10	20	1
761	1.00E+07	3	50000	146	1.9	100	10	20	1
762	1.00E+07	3	50000	148.89655172	1.9	100	10	20	1
763	1.00E+07	3	50000	151.79310345	1.9	100	10	20	1
764	1.00E+07	3	50000	154.68965517	1.9	100	10	20	1
765	1.00E+07	3	50000	157.5862069	1.9	100	10	20	1
766	1.00E+07	3	50000	160.48275862	1.9	100	10	20	1
767	1.00E+07	3	50000	163.37931034	1.9	100	10	20	1
768	1.00E+07	3	50000	166.27586207	1.9	100	10	20	1
769	1.00E+07	3	50000	169.17241379	1.9	100	10	20	1
770	1.00E+07	3	50000	172.06896552	1.9	100	10	20	1
771	1.00E+07	3	50000	174.96551724	1.9	100	10	20	1
772	1.00E+07	3	50000	177.86206897	1.9	100	10	20	1
773	1.00E+07	3	50000	180.75862069	1.9	100	10	20	1
774	1.00E+07	3	50000	183.65517241	1.9	100	10	20	1
775	1.00E+07	3	50000	186.55172414	1.9	100	10	20	1
776	1.00E+07	3	50000	189.44827586	1.9	100	10	20	1
777	1.00E+07	3	50000	192.34482759	1.9	100	10	20	1
778	1.00E+07	3	50000	195.24137931	1.9	100	10	20	1
779	1.00E+07	3	50000	198.13793103	1.9	100	10	20	1
780	1.00E+07	3	50000	201.03448276	1.9	100	10	20	1
781	1.00E+07	3	50000	203.93103448	1.9	100	10	20	1
782	1.00E+07	3	50000	206.82758621	1.9	100	10	20	1
783	1.00E+07	3	50000	209.72413793	1.9	100	10	20	1
784	1.00E+07	3	50000	212.62068966	1.9	100	10	20	1
785	1.00E+07	3	50000	215.51724138	1.9	100	10	20	1
786	1.00E+07	3	50000	218.4137931	1.9	100	10	20	1
787	1.00E+07	3	50000	221.31034483	1.9	100	10	20	1
788	1.00E+07	3	50000	224.20689655	1.9	100	10	20	1
789	1.00E+07	3	50000	227.10344828	1.9	100	10	20	1
790	1.00E+07	3	50000	230	1.9	100	10	20	1
791	1.00E+07	3	50000	235.03225806	2.00967742	100	10	20	1
792	1.00E+07	3	50000	240.06451613	2.11935484	100	10	20	1
793	1.00E+07	3	50000	245.09677419	2.22903226	100	10	20	0
794	1.00E+07	3	50000	250.12903226	2.33870968	100	10	20	0
795	1.00E+07	3	50000	255.16129032	2.4483871	100	10	20	0
796	1.00E+07	3	50000	260.19354839	2.55806452	100	10	20	0
797	1.00E+07	3	50000	265.22580645	2.66774194	100	10	20	0
798	1.00E+07	3	50000	270.25806452	2.77741935	100	10	20	0
799	1.00E+07	3	50000	275.29032258	2.88709677	100	10	20	0
800	1.00E+07	3	50000	280.32258065	2.99677419	100	10	20	0
801	1.00E+07	3	50000	285.35483871	3.10645161	100	10	20	0
802	1.00E+07	3	50000	290.38709677	3.21612903	100	10	20	0
803	1.00E+07	3	50000	295.41935484	3.32580645	100	10	20	0
804	1.00E+07	3	50000	300.4516129	3.43548387	100	10	20	0
805	1.00E+07	3	50000	305.48387097	3.54516129	100	10	20	0
806	1.00E+07	3	50000	310.51612903	3.65483871	100	10	20	0
807	1.00E+07	3	50000	315.5483871	3.76451613	100	10	20	0
808	1.00E+07	3	50000	320.58064516	3.87419355	100	10	20	0
809	1.00E+07	3	50000	325.61290323	3.98387097	100	10	20	0
810	1.00E+07	3	50000	330.64516129	4.09354839	100	10	20	0
811	1.00E+07	3	50000	335.67741935	4.20322581	100	10	20	0
812	1.00E+07	3	50000	340.70967742	4.31290323	100	10	20	0
813	1.00E+07	3	50000	345.74193548	4.42258065	100	10	20	0
814	1.00E+07	3	50000	350.77419355	4.53225806	100	10	20	0
815	1.00E+07	3	50000	355.80645161	4.64193548	100	10	20	0
816	1.00E+07	3	50000	360.83870968	4.7516129	100	10	20	0
817	1.00E+07	3	50000	365.87096774	4.86129032	100	10	20	0
818	1.00E+07	3	50000	370.90322581	4.97096774	100	10	20	0
819	1.00E+07	3	50000	375.93548387	5.08064516	100	10	20	0
820	1.00E+07	3	50000	380.96774194	5.19032258	100	10	20	0
821	1.00E+07	3	50000	386	5.3	100	10	20	0
822	1.00E+07	3	50000	404.86666667	5.48	100	10	20	0
823	1.00E+07	3	50000	423.73333333	5.66	100	10	20	0
824	1.00E+07	3	50000	442.6	5.84	100	10	20	0
825	1.00E+07	3	50000	461.46666667	6.02	100	10	20	0
826	1.00E+07	3	50000	480.33333333	6.2	100	10	20	0
827	1.00E+07	3	50000	499.2	6.38	100	10	20	0
828	1.00E+07	3	50000	518.06666667	6.56	100	10	20	0
829	1.00E+07	3	50000	536.93333333	6.74	100	10	20	0
830	1.00E+07	3	50000	555.8	6.92	100	10	20	0
831	1.00E+07	3	50000	574.66666667	7.1	100	10	20	0
832	1.00E+07	3	50000	593.53333333	7.28	100	10	20	0
833	1.00E+07	3	50000	612.4	7.46	100	10	20	0
834	1.00E+07	3	50000	631.26666667	7.64	100	10	20	0
835	1.00E+07	3	50000	650.13333333	7.82	100	10	20	0
836	1.00E+07	3	50000	669	8	100	10	20	0
837	1.00E+07	3	50000	687.86666667	8.18	100	10	20	0
838	1.00E+07	3	50000	706.73333333	8.36	100	10	20	0
839	1.00E+07	3	50000	725.6	8.54	100	10	20	0
840	1.00E+07	3	50000	744.46666667	8.72	100	10	20	0
841	1.00E+07	3	50000	763.33333333	8.9	100	10	20	0
842	1.00E+07	3	50000	782.2	9.08	100	10	20	0
843	1.00E+07	3	50000	801.06666667	9.26	100	10	20	0
844	1.00E+07	3	50000	819.93333333	9.44	100	10	20	0
845	1.00E+07	3	50000	838.8	9.62	100	10	20	0
846	1.00E+07	3	50000	857.66666667	9.8	100	10	20	0
847	1.00E+07	3	50000	876.53333333	9.98	100	10	20	0
848	1.00E+07	3	50000	895.4	10.16	100	10	20	0
849	1.00E+07	3	50000	914.26666667	10.34	100	10	20	0
850	1.00E+07	3	50000	933.13333333	10.52	100	10	20	0
851	1.00E+07	3	50000	952	10.7	100	10	20	0
852	1.00E+07	3	50000	950.16129032	10.87096774	100	10	20	0
853	1.00E+07	3	50000	948.32258065	11.04193548	100	10	20	0
854	1.00E+07	3	50000	946.48387097	11.21290323	100	10	20	0
855	1.00E+07	3	50000	944.64516129	11.38387097	100	10	20	0
856	1.00E+07	3	50000	942.80645161	11.55483871	100	10	20	0
857	1.00E+07	3	50000	940.96774194	11.72580645	100	10	20	0
858	1.00E+07	3	50000	939.12903226	11.89677419	100	10	20	0
859	1.00E+07	3	50000	937.29032258	12.06774194	100	10	20	0
860	1.00E+07	3	50000	935.4516129	12.23870968	100	10	20	0
861	1.00E+07	3	50000	933.61290323	12.40967742	100	10	20	0
862	1.00E+07	3	50000	931.77419355	12.58064516	100	10	20	0
863	1.00E+07	3	50000	929.93548387	12.7516129	100	10	20	0
864	1.00E+07	3	50000	928.09677419	12.92258065	100	10	20	0
865	1.00E+07	3	50000	926.25806452	13.09354839	100	10	20	0
866	1.00E+07	3	50000	924.41935484	13.26451613	100	10	20	0
867	1.00E+07	3	50000	922.58064516	13.43548387	100	10	20	0
868	1.00E+07	3	50000	920.74193548	13.60645161	100	10	20	0
869	1.00E+07	3	50000	918.90322581	13.77741935	100	10	20	0
870	1.00E+07	3	50000	917.06451613	13.9483871	100	10	20	0
871	1.00E+07	3	50000	915.22580645	14.11935484	100	10	20	0
872	1.00E+07	3	50000	913.38709677	14.29032258	100	10	20	0
873	1.00E+07	3	50000	911.5483871	14.46129032	100	10	20	0
874	1.00E+07	3	50000	909.70967742	14.63225806	100	10	20	0
875	1.00E+07	3	50000	907.87096774	14.80322581	100	10	20	0
876	1.00E+07	3	50000	906.03225806	14.97419355	100	10	20	0
877	1.00E+07	3	50000	904.19354839	15.14516129	100	10	20	0
878	1.00E+07	3	50000	902.35483871	15.31612903	100	10	20	0
879	1.00E+07	3	50000	900.51612903	15.48709677	100	10	20	0
880	1.00E+07	3	50000	898.67741935	15.65806452	100	10	20	0
881	1.00E+07	3	50000	896.83870968	15.82903226	100	10	20	0
882	1.00E+07	3	50000	895	16	100	10	20	0
883	1.00E+07	3	50000	892.86666667	16.03333333	100	10	20	0
884	1.00E+07	3	50000	890.73333333	16.06666667	100	10	20	0
885	1.00E+07	3	50000	888.6	16.1	100	10	20	0
886	1.00E+07	3	50000	886.46666667	16.13333333	100	10	20	0
887	1.00E+07	3	50000	884.33333333	16.16666667	100	10	20	0
888	1.00E+07	3	50000	882.2	16.2	100	10	20	0
889	1.00E+07	3	50000	880.06666667	16.23333333	100	10	20	0
890	1.00E+07	3	50000	877.93333333	16.26666667	100	10	20	0
891	1.00E+07	3	50000	875.8	16.3	100	10	20	0
892	1.00E+07	3	50000	873.66666667	16.33333333	100	10	20	0
893	1.00E+07	3	50000	871.53333333	16.36666667	100	10	20	0
894	1.00E+07	3	50000	869.4	16.4	100	10	20	0
895	1.00E+07	3	50000	867.26666667	16.43333333	100	10	20	0
896	1.00E+07	3	50000	865.13333333	16.46666667	100	10	20	0
897	1.00E+07	3	50000	863	16.5	100	10	20	0
898	1.00E+07	3	50000	860.86666667	16.53333333	100	10	20	0
899	1.00E+07	3	50000	858.73333333	16.56666667	100	10	20	0
900	1.00E+07	3	50000	856.6	16.6	100	10	20	0
901	1.00E+07	3	50000	854.46666667	16.63333333	100	10	20	0
902	1.00E+07	3	50000	852.33333333	16.66666667	100	10	20	0
903	1.00E+07	3	50000	850.2	16.7	100	10	20	0
904	1.00E+07	3	50000	848.06666667	16.73333333	100	10	20	0
905	1.00E+07	3	50000	845.93333333	16.76666667	100	10	20	0
906	1.00E+07	3	50000	843.8	16.8	100	10	20	0
907	1.00E+07	3	50000	841.66666667	16.83333333	100	10	20	0
908	1.00E+07	3	50000	839.53333333	16.86666667	100	10	20	0
909	1.00E+07	3	50000	837.4	16.9	100	10	20	0
910	1.00E+07	3	50000	835.26666667	16.93333333	100	10	20	0
911	1.00E+07	3	50000	833.13333333	16.96666667	100	10	20	0
912	1.00E+07	3	50000	831	17	100	10	20	0
913	1.00E+07	3	50000	834.70967742	17.13225806	100	10	20	0
914	1.00E+07	3	50000	838.41935484	17.26451613	100	10	20	0
915	1.00E+07	3	50000	842.12903226	17.39677419	100	10	20	0
916	1.00E+07	3	50000	845.83870968	17.52903226	100	10	20	0
917	1.00E+07	3	50000	849.5483871	17.66129032	100	10	20	0
918	1.00E+07	3	50000	853.25806452	17.79354839	100	10	20	0
919	1.00E+07	3	50000	856.96774194	17.92580645	100	10	20	0
920	1.00E+07	3	50000	860.67741935	18.05806452	100	10	20	0
921	1.00E+07	3	50000	864.38709677	18.19032258	100	10	20	0
922	1.00E+07	3	50000	868.09677419	18.32258065	100	10	20	0
923	1.00E+07	3	50000	871.80645161	18.45483871	100	10	20	0
924	1.00E+07	3	50000	875.51612903	18.58709677	100	10	20	0
925	1.00E+07	3	50000	879.22580645	18.71935484	100	10	20	0
926	1.00E+07	3	50000	882.93548387	18.8516129	100	10	20	0
927	1.00E+07	3	50000	886.64516129	18.98387097	100	10	20	0
928	1.00E+07	3	50000	890.35483871	19.11612903	100	10	20	0
929	1.00E+07	3	50000	894.06451613	19.2483871	100	10	20	0
930	1.00E+07	3	50000	897.77419355	19.38064516	100	10	20	0
931	1.00E+07	3	50000	901.48387097	19.51290323	100	10	20	0
932	1.00E+07	3	50000	905.19354839	19.64516129	100	10	20	0
933	1.00E+07	3	50000	908.90322581	19.77741935	100	10	20	0
934	1.00E+07	3	50000	912.61290323	19.90967742	100	10	20	0
935	1.00E+07	3	50000	916.32258065	20.04193548	100	10	20	0
936	1.00E+07	3	50000	920.03225806	20.17419355	100	10	20	0
937	1.00E+07	3	50000	923.74193548	20.30645161	100	10	20	0
938	1.00E+07	3	50000	927.4516129	20.43870968	100	10	20	0
939	1.00E+07	3	50000	931.16129032	20.57096774	100	10	20	0
940	1.00E+07	3	50000	934.87096774	20.70322581	100	10	20	0
941	1.00E+07	3	50000	938.58064516	20.83548387	100	10	20	0
942	1.00E+07	3	50000	942.29032258	20.96774194	100	10	20	0
943	1.00E+07	3	50000	946	21.1	100	10	20	0
944	1.00E+07	3	50000	947	21.11935484	100	10	20	0
945	1.00E+07	3	50000	948	21.13870968	100	10	20	0
946	1.00E+07	3	50000	949	21.15806452	100	10	20	0
947	1.00E+07	3	50000	950	21.17741935	100	10	20	0
948	1.00E+07	3	50000	951	21.19677419	100	10	20	0
949	1.00E+07	3	50000	952	21.21612903	100	10	20	0
950	1.00E+07	3	50000	953	21.23548387	100	10	20	0
951	1.00E+07	3	50000	954	21.25483871	100	10	20	0
952	1.00E+07	3	50000	955	21.27419355	100	10	20	0
953	1.00E+07	3	50000	956	21.29354839	100	10	20	0
954	1.00E+07	3	50000	957	21.31290323	100	10	20	0
955	1.00E+07	3	50000	958	21.33225806	100	10	20	0
956	1.00E+07	3	50000	959	21.3516129	100	10	20	0
957	1.00E+07	3	50000	960	21.37096774	100	10	20	0
958	1.00E+07	3	50000	961	21.39032258	100	10	20	0
959	1.00E+07	3	50000	962	21.40967742	100	10	20	0
960	1.00E+07	3	50000	963	21.42903226	100	10	20	0
961	1.00E+07	3	50000	964	21.4483871	100	10	20	0
962	1.00E+07	3	50000	965	21.46774194	100	10	20	0
963	1.00E+07	3	50000	966	21.48709677	100	10	20	0
964	1.00E+07	3	50000	967	21.50645161	100	10	20	0
965	1.00E+07	3	50000	968	21.52580645	100	10	20	0
966	1.00E+07	3	50000	969	21.54516129	100	10	20	0
967	1.00E+07	3	50000	970	21.56451613	100	10	20	0
968	1.00E+07	3	50000	971	21.58387097	100	10	20	0
969	1.00E+07	3	50000	972	21.60322581	100	10	20	0
970	1.00E+07	3	50000	973	21.62258065	100	10	20	0
971	1.00E+07	3	50000	974	21.64193548	100	10	20	0
972	1.00E+07	3	50000	975	21.66129032	100	10	20	0
973	1.00E+07	3	50000	976	21.68064516	100	10	20	0
974	1.00E+07	3	50000	977	21.7	100	10	20	0
975	1.00E+07	3	50000	964.83333333	21.56666667	100	10	20	0
976	1.00E+07	3	50000	952.66666667	21.43333333	100	10	20	0
977	1.00E+07	3	50000	940.5	21.3	100	10	20	0
978	1.00E+07	3	50000	928.33333333	21.16666667	100	10	20	0
979	1.00E+07	3	50000	916.16666667	21.03333333	100	10	20	0
980	1.00E+07	3	50000	904	20.9	100	10	20	0
981	1.00E+07	3	50000	891.83333333	20.76666667	100	10	20	0
982	1.00E+07	3	50000	879.66666667	20.63333333	100	10	20	0
983	1.00E+07	3	50000	867.5	20.5	100	10	20	0
984	1.00E+07	3	50000	855.33333333	20.36666667	100	10	20	0
985	1.00E+07	3	50000	843.16666667	20.23333333	100	10	20	0
986	1.00E+07	3	50000	831	20.1	100	10	20	0
987	1.00E+07	3	50000	818.83333333	19.96666667	100	10	20	0
988	1.00E+07	3	50000	806.66666667	19.83333333	100	10	20	0
989	1.00E+07	3	50000	794.5	19.7	100	10	20	0
990	1.00E+07	3	50000	782.33333333	19.56666667	100	10	20	0
991	1.00E+07	3	50000	770.16666667	19.43333333	100	10	20	0
992	1.00E+07	3	50000	758	19.3	100	10	20	0
993	1.00E+07	3	50000	745.83333333	19.16666667	100	10	20	0
994	1.00E+07	3	50000	733.66666667	19.03333333	100	10	20	0
995	1.00E+07	3	50000	721.5	18.9	100	10	20	0
996	1.00E+07	3	50000	709.33333333	18.76666667	100	10	20	0
997	1.00E+07	3	50000	697.16666667	18.63333333	100	10	20	0
998	1.00E+07	3	50000	685	18.5	100	10	20	0
999	1.00E+07	3	50000	672.83333333	18.36666667	100	10	20	0
1000	1.00E+07	3	50000	660.66666667	18.23333333	100	10	20	0
1001	1.00E+07	3	50000	648.5	18.1	100	10	20	0
1002	1.00E+07	3	50000	636.33333333	17.96666667	100	10	20	0
1003	1.00E+07	3	50000	624.16666667	17.83333333	100	10	20	0
1004	1.00E+07	3	50000	612	17.7	100	10	20	0
1005	1.00E+07	3	50000	600.32258065	17.37419355	100	10	20	0
1006	1.00E+07	3	50000	588.64516129	17.0483871	100	10	20	0
1007	1.00E+07	3	50000	576.96774194	16.72258065	100	10	20	0
1008	1.00E+07	3	50000	565.29032258	16.39677419	100	10	20	0
1009	1.00E+07	3	50000	553.61290323	16.07096774	100	10	20	0
1010	1.00E+07	3	50000	541.93548387	15.74516129	100	10	20	0
1011	1.00E+07	3	50000	530.25806452	15.41935484	100	10	20	0
1012	1.00E+07	3	50000	518.58064516	15.09354839	100	10	20	0
1013	1.00E+07	3	50000	506.90322581	14.76774194	100	10	20	0
1014	1.00E+07	3	50000	495.22580645	14.44193548	100	10	20	0
1015	1.00E+07	3	50000	483.5483871	14.11612903	100	10	20	0
1016	1.00E+07	3	50000	471.87096774	13.79032258	100	10	20	0
1017	1.00E+07	3	50000	460.19354839	13.46451613	100	10	20	0
1018	1.00E+07	3	50000	448.51612903	13.13870968	100	10	20	0
1019	1.00E+07	3	50000	436.83870968	12.81290323	100	10	20	0
1020	1.00E+07	3	50000	425.16129032	12.48709677	100	10	20	0
1021	1.00E+07	3	50000	413.48387097	12.16129032	100	10	20	0
1022	1.00E+07	3	50000	401.80645161	11.83548387	100	10	20	0
1023	1.00E+07	3	50000	390.12903226	11.50967742	100	10	20	0
1024	1.00E+07	3	50000	378.4516129	11.18387097	100	10	20	0
1025	1.00E+07	3	50000	366.77419355	10.85806452	100	10	20	0
1026	1.00E+07	3	50000	355.09677419	10.53225806	100	10	20	0
1027	1.00E+07	3	50000	343.41935484	10.20645161	100	10	20	0
1028	1.00E+07	3	50000	331.74193548	9.88064516	100	10	20	0
1029	1.00E+07	3	50000	320.06451613	9.55483871	100	10	20	0
1030	1.00E+07	3	50000	308.38709677	9.22903226	100	10	20	0
1031	1.00E+07	3	50000	296.70967742	8.90322581	100	10	20	0
1032	1.00E+07	3	50000	285.03225806	8.57741935	100	10	20	0
1033	1.00E+07	3	50000	273.35483871	8.2516129	100	10	20	0
1034	1.00E+07	3	50000	261.67741935	7.92580645	100	10	20	0
1035	1.00E+07	3	50000	250	7.6	100	10	20	0
1036	1.00E+07	3	50000	247.63333333	7.59	100	10	20	0
1037	1.00E+07	3	50000	245.26666667	7.58	100	10	20	0
1038	1.00E+07	3	50000	242.9	7.57	100	10	20	0
1039	1.00E+07	3	50000	240.53333333	7.56	100	10	20	0
1040	1.00E+07	3	50000	238.16666667	7.55	100	10	20	0
1041	1.00E+07	3	50000	235.8	7.54	100	10	20	0
1042	1.00E+07	3	50000	233.43333333	7.53	100	10	20	0
1043	1.00E+07	3	50000	231.06666667	7.52	100	10	20	0
1044	1.00E+07	3	50000	228.7	7.51	100	10	20	0
1045	1.00E+07	3	50000	226.33333333	7.5	100	10	20	0
1046	1.00E+07	3	50000	223.96666667	7.49	100	10	20	0
1047	1.00E+07	3	50000	221.6	7.48	100	10	20	0
1048	1.00E+07	3	50000	219.23333333	7.47	100	10	20	0
1049	1.00E+07	3	50000	216.86666667	7.46	100	10	20	0
1050	1.00E+07	3	50000	214.5	7.45	100	10	20	0
1051	1.00E+07	3	50000	212.13333333	7.44	100	10	20	0
1052	1.00E+07	3	50000	209.76666667	7.43	100	10	20	0
1053	1.00E+07	3	50000	207.4	7.42	100	10	20	0
1054	1.00E+07	3	50000	205.03333333	7.41	100	10	20	0
1055	1.00E+07	3	50000	202.66666667	7.4	100	10	20	0
1056	1.00E+07	3	50000	200.3	7.39	100	10	20	0
1057	1.00E+07	3	50000	197.93333333	7.38	100	10	20	0
1058	1.00E+07	3	50000	195.56666667	7.37	100	10	20	0
1059	1.00E+07	3	50000	193.2	7.36	100	10	20	0
1060	1.00E+07	3	50000	190.83333333	7.35	100	10	20	0
1061	1.00E+07	3	50000	188.46666667	7.34	100	10	20	0
1062	1.00E+07	3	50000	186.1	7.33	100	10	20	0
1063	1.00E+07	3	50000	183.73333333	7.32	100	10	20	0
1064	1.00E+07	3	50000	181.36666667	7.31	100	10	20	0
1065	1.00E+07	3	50000	179	7.3	100	10	20	0
1066	1.00E+07	3	50000	176.41935484	7.2	100	10	20	0
1067	1.00E+07	3	50000	173.83870968	7.1	100	10	20	0
1068	1.00E+07	3	50000	171.25806452	7	100	10	20	0
1069	1.00E+07	3	50000	168.67741935	6.9	100	10	20	0
1070	1.00E+07	3	50000	166.09677419	6.8	100	10	20	0
1071	1.00E+07	3	50000	163.51612903	6.7	100	10	20	0
1072	1.00E+07	3	50000	160.93548387	6.6	100	10	20	0
1073	1.00E+07	3	50000	158.35483871	6.5	100	10	20	0
1074	1.00E+07	3	50000	155.77419355	6.4	100	10	20	0
1075	1.00E+07	3	50000	153.19354839	6.3	100	10	20	0
1076	1.00E+07	3	50000	150.61290323	6.2	100	10	20	0
1077	1.00E+07	3	50000	148.03225806	6.1	100	10	20	0
1078	1.00E+07	3	50000	145.4516129	6	100	10	20	0
1079	1.00E+07	3	50000	142.87096774	5.9	100	10	20	0
1080	1.00E+07	3	50000	140.29032258	5.8	100	10	20	0
1081	1.00E+07	3	50000	137.70967742	5.7	100	10	20	0
1082	1.00E+07	3	50000	135.12903226	5.6	100	10	20	0
1083	1.00E+07	3	50000	132.5483871	5.5	100	10	20	0
1084	1.00E+07	3	50000	129.96774194	5.4	100	10	20	0
1085	1.00E+07	3	50000	127.38709677	5.3	100	10	20	0
1086	1.00E+07	3	50000	124.80645161	5.2	100	10	20	0
1087	1.00E+07	3	50000	122.22580645	5.1	100	10	20	0
1088	1.00E+07	3	50000	119.64516129	5	100	10	20	0
1089	1.00E+07	3	50000	117.06451613	4.9	100	10	20	0
1090	1.00E+07	3	50000	114.48387097	4.8	100	10	20	0
1091	1.00E+07	3	50000	111.90322581	4.7	100	10	20	0
1092	1.00E+07	3	50000	109.32258065	4.6	100	10	20	0
1093	1.00E+07	3	50000	106.74193548	4.5	100	10	20	0
1094	1.00E+07	3	50000	104.16129032	4.4	100	10	20	0
1095	1.00E+07	3	50000	101.58064516	4.3	100	10	20	0
1096	1.00E+07	3	50000	99	4.2	100	10	20	1
1097	1.00E+07	3	50000	100.96774194	4.1	100	10	20	1
1098	1.00E+07	3	50000	102.93548387	4	100	10	20	1
1099	1.00E+07	3	50000	104.90322581	3.9	100	10	20	1
1100	1.00E+07	3	50000	106.87096774	3.8	100	10	20	1
1101	1.00E+07	3	50000	108.83870968	3.7	100	10	20	1
1102	1.00E+07	3	50000	110.80645161	3.6	100	10	20	1
1103	1.00E+07	3	50000	112.77419355	3.5	100	10	20	1
1104	1.00E+07	3	50000	114.74193548	3.4	100	10	20	1
1105	1.00E+07	3	50000	116.70967742	3.3	100	10	20	1
1106	1.00E+07	3	50000	118.67741935	3.2	100	10	20	1
1107	1.00E+07	3	50000	120.64516129	3.1	100	10	20	1
1108	1.00E+07	3	50000	122.61290323	3	100	10	20	1
1109	1.00E+07	3	50000	124.58064516	2.9	100	10	20	1
1110	1.00E+07	3	50000	126.5483871	2.8	100	10	20	1
1111	1.00E+07	3	50000	128.51612903	2.7	100	10	20	1
1112	1.00E+07	3	50000	130.48387097	2.6	100	10	20	1
1113	1.00E+07	3	50000	132.4516129	2.5	100	10	20	1
1114	1.00E+07	3	50000	134.41935484	2.4	100	10	20	1
1115	1.00E+07	3	50000	136.38709677	2.3	100	10	20	1
1116	1.00E+07	3	50000	138.35483871	2.2	100	10	20	1
1117	1.00E+07	3	50000	140.32258065	2.1	100	10	20	1
1118	1.00E+07	3	50000	142.29032258	2	100	10	20	1
1119	1.00E+07	3	50000	144.25806452	1.9	100	10	20	1
1120	1.00E+07	3	50000	146.22580645	1.8	100	10	20	1
1121	1.00E+07	3	50000	148.19354839	1.7	100	10	20	1
1122	1.00E+07	3	50000	150.16129032	1.6	100	10	20	1
1123	1.00E+07	3	50000	152.12903226	1.5	100	10	20	1
1124	1.00E+07	3	50000	154.09677419	1.4	100	10	20	1
1125	1.00E+07	3	50000	156.06451613	1.3	100	10	20	1
1126	1.00E+07	3	50000	158.03225806	1.2	100	10	20	1
1127	1.00E+07	3	50000	160	1.1	100	10	20	1
1128	1.00E+07	3	50000	164.71428571	1.125	100	10	20	1
1129	1.00E+07	3	50000	169.42857143	1.15	100	10	20	1
1130	1.00E+07	3	50000	174.14285714	1.175	100	10	20	1
1131	1.00E+07	3	50000	178.85714286	1.2	100	10	20	1
1132	1.00E+07	3	50000	183.57142857	1.225	100	10	20	1
1133	1.00E+07	3	50000	188.28571429	1.25	100	10	20	1
1134	1.00E+07	3	50000	193	1.275	100	10	20	1
1135	1.00E+07	3	50000	197.71428571	1.3	100	10	20	1
1136	1.00E+07	3	50000	202.42857143	1.325	100	10	20	1
1137	1.00E+07	3	50000	207.14285714	1.35	100	10	20	1
1138	1.00E+07	3	50000	211.85714286	1.375	100	10	20	1
1139	1.00E+07	3	50000	216.57142857	1.4	100	10	20	1
1140	1.00E+07	3	50000	221.28571429	1.425	100	10	20	1
1141	1.00E+07	3	50000	226	1.45	100	10	20	1
1142	1.00E+07	3	50000	230.71428571	1.475	100	10	20	1
1143	1.00E+07	3	50000	235.42857143	1.5	100	10	20	1
1144	1.00E+07	3	50000	240.14285714	1.525	100	10	20	1
1145	1.00E+07	3	50000	244.85714286	1.55	100	10	20	1
1146	1.00E+07	3	50000	249.57142857	1.575	100	10	20	1
1147	1.00E+07	3	50000	254.28571429	1.6	100	10	20	1
1148	1.00E+07	3	50000	259	1.625	100	10	20	1
1149	1.00E+07	3	50000	263.71428571	1.65	100	10	20	1
1150	1.00E+07	3	50000	268.42857143	1.675	100	10	20	1
1151	1.00E+07	3	50000	273.14285714	1.7	100	10	20	1
1152	1.00E+07	3	50000	277.85714286	1.725	100	10	20	1
1153	1.00E+07	3	50000	282.57142857	1.75	100	10	20	1
1154	1.00E+07	3	50000	287.28571429	1.775	100	10	20	1
1155	1.00E+07	3	50000	292	1.8	100	10	20	1
1156	1.00E+07	3	50000	298.64516129	1.89677419	100	10	20	1
1157	1.00E+07	3	50000	305.29032258	1.99354839	100	10	20	1
1158	1.00E+07	3	50000	311.93548387	2.09032258	100	10	20	1
1159	1.00E+07	3	50000	318.58064516	2.18709677	100	10	20	1
1160	1.00E+07	3	50000	325.22580645	2.28387097	100	10	20	1
1161	1.00E+07	3	50000	331.87096774	2.38064516	100	10	20	1
1162	1.00E+07	3	50000	338.51612903	2.47741935	100	10	20	1
1163	1.00E+07	3	50000	345.16129032	2.57419355	100	10	20	1
1164	1.00E+07	3	50000	351.80645161	2.67096774	100	10	20	1
1165	1.00E+07	3	50000	358.4516129	2.76774194	100	10	20	1
1166	1.00E+07	3	50000	365.09677419	2.86451613	100	10	20	1
1167	1.00E+07	3	50000	371.74193548	2.96129032	100	10	20	1
1168	1.00E+07	3	50000	378.38709677	3.05806452	100	10	20	1
1169	1.00E+07	3	50000	385.03225806	3.15483871	100	10	20	1
1170	1.00E+07	3	50000	391.67741935	3.2516129	100	10	20	1
1171	1.00E+07	3	50000	398.32258065	3.3483871	100	10	20	1
1172	1.00E+07	3	50000	404.96774194	3.44516129	100	10	20	1
1173	1.00E+07	3	50000	411.61290323	3.54193548	100	10	20	0
1174	1.00E+07	3	50000	418.25806452	3.63870968	100	10	20	0
1175	1.00E+07	3	50000	424.90322581	3.73548387	100	10	20	0
1176	1.00E+07	3	50000	431.5483871	3.83225806	100	10	20	0
1177	1.00E+07	3	50000	438.19354839	3.92903226	100	10	20	0
1178	1.00E+07	3	50000	444.83870968	4.02580645	100	10	20	0
1179	1.00E+07	3	50000	451.48387097	4.12258065	100	10	20	0
1180	1.00E+07	3	50000	458.12903226	4.21935484	100	10	20	0
1181	1.00E+07	3	50000	464.77419355	4.31612903	100	10	20	0
1182	1.00E+07	3	50000	471.41935484	4.41290323	100	10	20	0
1183	1.00E+07	3	50000	478.06451613	4.50967742	100	10	20	0
1184	1.00E+07	3	50000	484.70967742	4.60645161	100	10	20	0
1185	1.00E+07	3	50000	491.35483871	4.70322581	100	10	20	0
1186	1.00E+07	3	50000	498	4.8	100	10	20	0
1187	1.00E+07	3	50000	507.66666667	5.05666667	100	10	20	0
1188	1.00E+07	3	50000	517.33333333	5.31333333	100	10	20	0
1189	1.00E+07	3	50000	527	5.57	100	10	20	0
1190	1.00E+07	3	50000	536.66666667	5.82666667	100	10	20	0
1191	1.00E+07	3	50000	546.33333333	6.08333333	100	10	20	0
1192	1.00E+07	3	50000	556	6.34	100	10	20	0
1193	1.00E+07	3	50000	565.66666667	6.59666667	100	10	20	0
1194	1.00E+07	3	50000	575.33333333	6.85333333	100	10	20	0
1195	1.00E+07	3	50000	585	7.11	100	10	20	0
1196	1.00E+07	3	50000	594.66666667	7.36666667	100	10	20	0
1197	1.00E+07	3	50000	604.33333333	7.62333333	100	10	20	0
1198	1.00E+07	3	50000	614	7.88	100	10	20	0
1199	1.00E+07	3	50000	623.66666667	8.13666667	100	10	20	0
1200	1.00E+07	3	50000	633.33333333	8.39333333	100	10	20	0
1201	1.00E+07	3	50000	643	8.65	100	10	20	0
1202	1.00E+07	3	50000	652.66666667	8.90666667	100	10	20	0
1203	1.00E+07	3	50000	662.33333333	9.16333333	100	10	20	0
1204	1.00E+07	3	50000	672	9.42	100	10	20	0
1205	1.00E+07	3	50000	681.66666667	9.67666667	100	10	20	0
1206	1.00E+07	3	50000	691.33333333	9.93333333	100	10	20	0
1207	1.00E+07	3	50000	701	10.19	100	10	20	0
1208	1.00E+07	3	50000	710.66666667	10.44666667	100	10	20	0
1209	1.00E+07	3	50000	720.33333333	10.70333333	100	10	20	0
1210	1.00E+07	3	50000	730	10.96	100	10	20	0
1211	1.00E+07	3	50000	739.66666667	11.21666667	100	10	20	0
1212	1.00E+07	3	50000	749.33333333	11.47333333	100	10	20	0
1213	1.00E+07	3	50000	759	11.73	100	10	20	0
1214	1.00E+07	3	50000	768.66666667	11.98666667	100	10	20	0
1215	1.00E+07	3	50000	778.33333333	12.24333333	100	10	20	0
1216	1.00E+07	3	50000	788	12.5	100	10	20	0
1217	1.00E+07	3	50000	782.64516129	12.5516129	100	10	20	0
1218	1.00E+07	3	50000	777.29032258	12.60322581	100	10	20	0
1219	1.00E+07	3	50000	771.93548387	12.65483871	100	10	20	0
1220	1.00E+07	3	50000	766.58064516	12.70645161	100	10	20	0
1221	1.00E+07	3	50000	761.22580645	12.75806452	100	10	20	0
1222	1.00E+07	3	50000	755.87096774	12.80967742	100	10	20	0
1223	1.00E+07	3	50000	750.51612903	12.86129032	100	10	20	0
1224	1.00E+07	3	50000	745.16129032	12.91290323	100	10	20	0
1225	1.00E+07	3	50000	739.80645161	12.96451613	100	10	20	0
1226	1.00E+07	3	50000	734.4516129	13.01612903	100	10	20	0
1227	1.00E+07	3	50000	729.09677419	13.06774194	100	10	20	0
1228	1.00E+07	3	50000	723.74193548	13.11935484	100	10	20	0
1229	1.00E+07	3	50000	718.38709677	13.17096774	100	10	20	0
1230	1.00E+07	3	50000	713.03225806	13.22258065	100	10	20	0
1231	1.00E+07	3	50000	707.67741935	13.27419355	100	10	20	0
1232	1.00E+07	3	50000	702.32258065	13.32580645	100	10	20	0
1233	1.00E+07	3	50000	696.96774194	13.37741935	100	10	20	0
1234	1.00E+07	3	50000	691.61290323	13.42903226	100	10	20	0
1235	1.00E+07	3	50000	686.25806452	13.48064516	100	10	20	0
1236	1.00E+07	3	50000	680.90322581	13.53225806	100	10	20	0
1237	1.00E+07	3	50000	675.5483871	13.58387097	100	10	20	0
1238	1.00E+07	3	50000	670.19354839	13.63548387	100	10	20	0
1239	1.00E+07	3	50000	664.83870968	13.68709677	100	10	20	0
1240	1.00E+07	3	50000	659.48387097	13.73870968	100	10	20	0
1241	1.00E+07	3	50000	654.12903226	13.79032258	100	10	20	0
1242	1.00E+07	3	50000	648.77419355	13.84193548	100	10	20	0
1243	1.00E+07	3	50000	643.41935484	13.89354839	100	10	20	0
1244	1.00E+07	3	50000	638.06451613	13.94516129	100	10	20	0
1245	1.00E+07	3	50000	632.70967742	13.99677419	100	10	20	0
1246	1.00E+07	3	50000	627.35483871	14.0483871	100	10	20	0
1247	1.00E+07	3	50000	622	14.1	100	10	20	0
1248	1.00E+07	3	50000	637.86666667	14.24333333	100	10	20	0
1249	1.00E+07	3	50000	653.73333333	14.38666667	100	10	20	0
1250	1.00E+07	3	50000	669.6	14.53	100	10	20	0
1251	1.00E+07	3	50000	685.46666667	14.67333333	100	10	20	0
1252	1.00E+07	3	50000	701.33333333	14.81666667	100	10	20	0
1253	1.00E+07	3	50000	717.2	14.96	100	10	20	0
1254	1.00E+07	3	50000	733.06666667	15.10333333	100	10	20	0
1255	1.00E+07	3	50000	748.93333333	15.24666667	100	10	20	0
1256	1.00E+07	3	50000	764.8	15.39	100	10	20	0
1257	1.00E+07	3	50000	780.66666667	15.53333333	100	10	20	0
1258	1.00E+07	3	50000	796.53333333	15.67666667	100	10	20	0
1259	1.00E+07	3	50000	812.4	15.82	100	10	20	0
1260	1.00E+07	3	50000	828.26666667	15.96333333	100	10	20	0
1261	1.00E+07	3	50000	844.13333333	16.10666667	100	10	20	0
1262	1.00E+07	3	50000	860	16.25	100	10	20	0
1263	1.00E+07	3	50000	875.86666667	16.39333333	100	10	20	0
1264	1.00E+07	3	50000	891.73333333	16.53666667	100	10	20	0
1265	1.00E+07	3	50000	907.6	16.68	100	10	20	0
1266	1.00E+07	3	50000	923.46666667	16.82333333	100	10	20	0
1267	1.00E+07	3	50000	939.33333333	16.96666667	100	10	20	0
1268	1.00E+07	3	50000	955.2	17.11	100	10	20	0
1269	1.00E+07	3	50000	971.06666667	17.25333333	100	10	20	0
1270	1.00E+07	3	50000	986.93333333	17.39666667	100	10	20	0
1271	1.00E+07	3	50000	1002.8	17.54	100	10	20	0
1272	1.00E+07	3	50000	1018.66666667	17.68333333	100	10	20	0
1273	1.00E+07	3	50000	1034.53333333	17.82666667	100	10	20	0
1274	1.00E+07	3	50000	1050.4	17.97	100	10	20	0
1275	1.00E+07	3	50000	1066.26666667	18.11333333	100	10	20	0
1276	1.00E+07	3	50000	1082.13333333	18.25666667	100	10	20	0
1277	1.00E+07	3	50000	1098	18.4	100	10	20	0
1278	1.00E+07	3	50000	1097	18.49354839	100	10	20	0
1279	1.00E+07	3	50000	1096	18.58709677	100	10	20	0
1280	1.00E+07	3	50000	1095	18.68064516	100	10	20	0
1281	1.00E+07	3	50000	1094	18.77419355	100	10	20	0
1282	1.00E+07	3	50000	1093	18.86774194	100	10	20	0
1283	1.00E+07	3	50000	1092	18.96129032	100	10	20	0
1284	1.00E+07	3	50000	1091	19.05483871	100	10	20	0
1285	1.00E+07	3	50000	1090	19.1483871	100	10	20	0
1286	1.00E+07	3	50000	1089	19.24193548	100	10	20	0
1287	1.00E+07	3	50000	1088	19.33548387	100	10	20	0
1288	1.00E+07	3	50000	1087	19.42903226	100	10	20	0
1289	1.00E+07	3	50000	1086	19.52258065	100	10	20	0
1290	1.00E+07	3	50000	1085	19.61612903	100	10	20	0
1291	1.00E+07	3	50000	1084	19.70967742	100	10	20	0
1292	1.00E+07	3	50000	1083	19.80322581	100	10	20	0
1293	1.00E+07	3	50000	1082	19.89677419	100	10	20	0
1294	1.00E+07	3	50000	1081	19.99032258	100	10	20	0
1295	1.00E+07	3	50000	1080	20.08387097	100	10	20	0
1296	1.00E+07	3	50000	1079	20.17741935	100	10	20	0
1297	1.00E+07	3	50000	1078	20.27096774	100	10	20	0
1298	1.00E+07	3	50000	1077	20.36451613	100	10	20	0
1299	1.00E+07	3	50000	1076	20.45806452	100	10	20	0
1300	1.00E+07	3	50000	1075	20.5516129	100	10	20	0
1301	1.00E+07	3	50000	1074	20.64516129	100	10	20	0
1302	1.00E+07	3	50000	1073	20.73870968	100	10	20	0
1303	1.00E+07	3	50000	1072	20.83225806	100	10	20	0
1304	1.00E+07	3	50000	1071	20.92580645	100	10	20	0
1305	1.00E+07	3	50000	1070	21.01935484	100	10	20	0
1306	1.00E+07	3	50000	1069	21.11290323	100	10	20	0
1307	1.00E+07	3	50000	1068	21.20645161	100	10	20	0
1308	1.00E+07	3	50000	1067	21.3	100	10	20	0
1309	1.00E+07	3	50000	1054.4516129	21.27741935	100	10	20	0
1310	1.00E+07	3	50000	1041.90322581	21.25483871	100	10	20	0
1311	1.00E+07	3	50000	1029.35483871	21.23225806	100	10	20	0
1312	1.00E+07	3	50000	1016.80645161	21.20967742	100	10	20	0
1313	1.00E+07	3	50000	1004.25806452	21.18709677	100	10	20	0
1314	1.00E+07	3	50000	991.70967742	21.16451613	100	10	20	0
1315	1.00E+07	3	50000	979.16129032	21.14193548	100	10	20	0
1316	1.00E+07	3	50000	966.61290323	21.11935484	100	10	20	0
1317	1.00E+07	3	50000	954.06451613	21.09677419	100	10	20	0
1318	1.00E+07	3	50000	941.51612903	21.07419355	100	10	20	0
1319	1.00E+07	3	50000	928.96774194	21.0516129	100	10	20	0
1320	1.00E+07	3	50000	916.41935484	21.02903226	100	10	20	0
1321	1.00E+07	3	50000	903.87096774	21.00645161	100	10	20	0
1322	1.00E+07	3	50000	891.32258065	20.98387097	100	10	20	0
1323	1.00E+07	3	50000	878.77419355	20.96129032	100	10	20	0
1324	1.00E+07	3	50000	866.22580645	20.93870968	100	10	20	0
1325	1.00E+07	3	50000	853.67741935	20.91612903	100	10	20	0
1326	1.00E+07	3	50000	841.12903226	20.89354839	100	10	20	0
1327	1.00E+07	3	50000	828.58064516	20.87096774	100	10	20	0
1328	1.00E+07	3	50000	816.03225806	20.8483871	100	10	20	0
1329	1.00E+07	3	50000	803.48387097	20.82580645	100	10	20	0
1330	1.00E+07	3	50000	790.93548387	20.80322581	100	10	20	0
1331	1.00E+07	3	50000	778.38709677	20.78064516	100	10	20	0
1332	1.00E+07	3	50000	765.83870968	20.75806452	100	10	20	0
1333	1.00E+07	3	50000	753.29032258	20.73548387	100	10	20	0
1334	1.00E+07	3	50000	740.74193548	20.71290323	100	10	20	0
1335	1.00E+07	3	50000	728.19354839	20.69032258	100	10	20	0
1336	1.00E+07	3	50000	715.64516129	20.66774194	100	10	20	0
1337	1.00E+07	3	50000	703.09677419	20.64516129	100	10	20	0
1338	1.00E+07	3	50000	690.5483871	20.62258065	100	10	20	0
1339	1.00E+07	3	50000	678	20.6	100	10	20	0
1340	1.00E+07	3	50000	674	20.33333333	100	10	20	0
1341	1.00E+07	3	50000	670	20.06666667	100	10	20	0
1342	1.00E+07	3	50000	666	19.8	100	10	20	0
1343	1.00E+07	3	50000	662	19.53333333	100	10	20	0
1344	1.00E+07	3	50000	658	19.26666667	100	10	20	0
1345	1.00E+07	3	50000	654	19	100	10	20	0
1346	1.00E+07	3	50000	650	18.73333333	100	10	20	0
1347	1.00E+07	3	50000	646	18.46666667	100	10	20	0
1348	1.00E+07	3	50000	642	18.2	100	10	20	0
1349	1.00E+07	3	50000	638	17.93333333	100	10	20	0
1350	1.00E+07	3	50000	634	17.66666667	100	10	20	0
1351	1.00E+07	3	50000	630	17.4	100	10	20	0
1352	1.00E+07	3	50000	626	17.13333333	100	10	20	0
1353	1.00E+07	3	50000	622	16.86666667	100	10	20	0
1354	1.00E+07	3	50000	618	16.6	100	10	20	0
1355	1.00E+07	3	50000	614	16.33333333	100	10	20	0
1356	1.00E+07	3	50000	610	16.06666667	100	10	20	0
1357	1.00E+07	3	50000	606	15.8	100	10	20	0
1358	1.00E+07	3	50000	602	15.53333333	100	10	20	0
1359	1.00E+07	3	50000	598	15.26666667	100	10	20	0
1360	1.00E+07	3	50000	594	15	100	10	20	0
1361	1.00E+07	3	50000	590	14.73333333	100	10	20	0
1362	1.00E+07	3	50000	586	14.46666667	100	10	20	0
1363	1.00E+07	3	50000	582	14.2	100	10	20	0
1364	1.00E+07	3	50000	578	13.93333333	100	10	20	0
1365	1.00E+07	3	50000	574	13.66666667	100	10	20	0
1366	1.00E+07	3	50000	570	13.4	100	10	20	0
1367	1.00E+07	3	50000	566	13.13333333	100	10	20	0
1368	1.00E+07	3	50000	562	12.86666667	100	10	20	0
1369	1.00E+07	3	50000	558	12.6	100	10	20	0
1370	1.00E+07	3	50000	553.48387097	12.43225806	100	10	20	0
1371	1.00E+07	3	50000	548.96774194	12.26451613	100	10	20	0
1372	1.00E+07	3	50000	544.4516129	12.09677419	100	10	20	0
1373	1.00E+07	3	50000	539.93548387	11.92903226	100	10	20	0
1374	1.00E+07	3	50000	535.41935484	11.76129032	100	10	20	0
1375	1.00E+07	3	50000	530.90322581	11.59354839	100	10	20	0
1376	1.00E+07	3	50000	526.38709677	11.42580645	100	10	20	0
1377	1.00E+07	3	50000	521.87096774	11.25806452	100	10	20	0
1378	1.00E+07	3	50000	517.35483871	11.09032258	100	10	20	0
1379	1.00E+07	3	50000	512.83870968	10.92258065	100	10	20	0
1380	1.00E+07	3	50000	508.32258065	10.75483871	100	10	20	0
1381	1.00E+07	3	50000	503.80645161	10.58709677	100	10	20	0
1382	1.00E+07	3	50000	499.29032258	10.41935484	100	10	20	0
1383	1.00E+07	3	50000	494.77419355	10.2516129	100	10	20	0
1384	1.00E+07	3	50000	490.25806452	10.08387097	100	10	20	0
1385	1.00E+07	3	50000	485.74193548	9.91612903	100	10	20	0
1386	1.00E+07	3	50000	481.22580645	9.7483871	100	10	20	0
1387	1.00E+07	3	50000	476.70967742	9.58064516	100	10	20	0
1388	1.00E+07	3	50000	472.19354839	9.41290323	100	10	20	0
1389	1.00E+07	3	50000	467.67741935	9.24516129	100	10	20	0
1390	1.00E+07	3	50000	463.16129032	9.07741935	100	10	20	0
1391	1.00E+07	3	50000	458.64516129	8.90967742	100	10	20	0
1392	1.00E+07	3	50000	454.12903226	8.74193548	100	10	20	0
1393	1.00E+07	3	50000	449.61290323	8.57419355	100	10	20	0
1394	1.00E+07	3	50000	445.09677419	8.40645161	100	10	20	0
1395	1.00E+07	3	50000	440.58064516	8.23870968	100	10	20	0
1396	1.00E+07	3	50000	436.06451613	8.07096774	100	10	20	0
1397	1.00E+07	3	50000	431.5483871	7.90322581	100	10	20	0
1398	1.00E+07	3	50000	427.03225806	7.73548387	100	10	20	0
1399	1.00E+07	3	50000	422.51612903	7.56774194	100	10	20	0
1400	1.00E+07	3	50000	418	7.4	100	10	20	0
1401	1.00E+07	3	50000	408.73333333	7.24666667	100	10	20	0
1402	1.00E+07	3	50000	399.46666667	7.09333333	100	10	20	0
1403	1.00E+07	3	50000	390.2	6.94	100	10	20	0
1404	1.00E+07	3	50000	380.93333333	6.78666667	100	10	20	0
1405	1.00E+07	3	50000	371.66666667	6.63333333	100	10	20	0
1406	1.00E+07	3	50000	362.4	6.48	100	10	20	0
1407	1.00E+07	3	50000	353.13333333	6.32666667	100	10	20	0
1408	1.00E+07	3	50000	343.86666667	6.17333333	100	10	20	0
1409	1.00E+07	3	50000	334.6	6.02	100	10	20	0
1410	1.00E+07	3	50000	325.33333333	5.86666667	100	10	20	0
1411	1.00E+07	3	50000	316.06666667	5.71333333	100	10	20	0
1412	1.00E+07	3	50000	306.8	5.56	100	10	20	0
1413	1.00E+07	3	50000	297.53333333	5.40666667	100	10	20	0
1414	1.00E+07	3	50000	288.26666667	5.25333333	100	10	20	0
1415	1.00E+07	3	50000	279	5.1	100	10	20	0
1416	1.00E+07	3	50000	269.73333333	4.94666667	100	10	20	0
1417	1.00E+07	3	50000	260.46666667	4.79333333	100	10	20	0
1418	1.00E+07	3	50000	251.2	4.64	100	10	20	0
1419	1.00E+07	3	50000	241.93333333	4.48666667	100	10	20	0
1420	1.00E+07	3	50000	232.66666667	4.33333333	100	10	20	0
1421	1.00E+07	3	50000	223.4	4.18	100	10	20	0
1422	1.00E+07	3	50000	214.13333333	4.02666667	100	10	20	0
1423	1.00E+07	3	50000	204.86666667	3.87333333	100	10	20	0
1424	1.00E+07	3	50000	195.6	3.72	100	10	20	0
1425	1.00E+07	3	50000	186.33333333	3.56666667	100	10	20	0
1426	1.00E+07	3	50000	177.06666667	3.41333333	100	10	20	0
1427	1.00E+07	3	50000	167.8	3.26	100	10	20	0
1428	1.00E+07	3	50000	158.53333333	3.10666667	100	10	20	0
1429	1.00E+07	3	50000	149.26666667	2.95333333	100	10	20	0
1430	1.00E+07	3	50000	140	2.8	100	10	20	0
1431	1.00E+07	3	50000	139.22580645	2.78387097	100	10	20	0
1432	1.00E+07	3	50000	138.4516129	2.76774194	100	10	20	0
1433	1.00E+07	3	50000	137.67741935	2.7516129	100	10	20	1
1434	1.00E+07	3	50000	136.90322581	2.73548387	100	10	20	1
1435	1.00E+07	3	50000	136.12903226	2.71935484	100	10	20	1
1436	1.00E+07	3	50000	135.35483871	2.70322581	100	10	20	1
1437	1.00E+07	3	50000	134.58064516	2.68709677	100	10	20	1
1438	1.00E+07	3	50000	133.80645161	2.67096774	100	10	20	1
1439	1.00E+07	3	50000	133.03225806	2.65483871	100	10	20	1
1440	1.00E+07	3	50000	132.25806452	2.63870968	100	10	20	1
1441	1.00E+07	3	50000	131.48387097	2.62258065	100	10	20	1
1442	1.00E+07	3	50000	130.70967742	2.60645161	100	10	20	1
1443	1.00E+07	3	50000	129.93548387	2.59032258	100	10	20	1
1444	1.00E+07	3	50000	129.16129032	2.57419355	100	10	20	1
1445	1.00E+07	3	50000	128.38709677	2.55806452	100	10	20	1
1446	1.00E+07	3	50000	127.61290323	2.54193548	100	10	20	1
1447	1.00E+07	3	50000	126.83870968	2.52580645	100	10	20	1
1448	1.00E+07	3	50000	126.06451613	2.50967742	100	10	20	1
1449	1.00E+07	3	50000	125.29032258	2.49354839	100	10	20	1
1450	1.00E+07	3	50000	124.51612903	2.47741935	100	10	20	1
1451	1.00E+07	3	50000	123.74193548	2.46129032	100	10	20	1
1452	1.00E+07	3	50000	122.96774194	2.44516129	100	10	20	1
1453	1.00E+07	3	50000	122.19354839	2.42903226	100	10	20	1
1454	1.00E+07	3	50000	121.41935484	2.41290323	100	10	20	1
1455	1.00E+07	3	50000	120.64516129	2.39677419	100	10	20	1
1456	1.00E+07	3	50000	119.87096774	2.38064516	100	10	20	1
1457	1.00E+07	3	50000	119.09677419	2.36451613	100	10	20	1
1458	1.00E+07	3	50000	118.32258065	2.3483871	100	10	20	1
1459	1.00E+07	3	50000	117.5483871	2.33225806	100	10	20	1
1460	1.00E+07	3	50000	116.77419355	2.31612903	100	10	20	1
1461	1.00E+07	3	50000	116	2.3	100	10	20	1
1462	1.00E+07	3	50000	117.19354839	2.28387097	100	10	20	1
1463	1.00E+07	3	50000	118.38709677	2.26774194	100	10	20	1
1464	1.00E+07	3	50000	119.58064516	2.2516129	100	10	20	1
1465	1.00E+07	3	50000	120.77419355	2.23548387	100	10	20	1
1466	1.00E+07	3	50000	121.96774194	2.21935484	100	10	20	1
1467	1.00E+07	3	50000	123.16129032	2.20322581	100	10	20	1
1468	1.00E+07	3	50000	124.35483871	2.18709677	100	10	20	1
1469	1.00E+07	3	50000	125.5483871	2.17096774	100	10	20	1
1470	1.00E+07	3	50000	126.74193548	2.15483871	100	10	20	1
1471	1.00E+07	3	50000	127.93548387	2.13870968	100	10	20	1
1472	1.00E+07	3	50000	129.12903226	2.12258065	100	10	20	1
1473	1.00E+07	3	50000	130.32258065	2.10645161	100	10	20	1
1474	1.00E+07	3	50000	131.51612903	2.09032258	100	10	20	1
1475	1.00E+07	3	50000	132.70967742	2.07419355	100	10	20	1
1476	1.00E+07	3	50000	133.90322581	2.05806452	100	10	20	1
1477	1.00E+07	3	50000	135.09677419	2.04193548	100	10	20	1
1478	1.00E+07	3	50000	136.29032258	2.02580645	100	10	20	1
1479	1.00E+07	3	50000	137.48387097	2.00967742	100	10	20	1
1480	1.00E+07	3	50000	138.67741935	1.99354839	100	10	20	1
1481	1.00E+07	3	50000	139.87096774	1.97741935	100	10	20	1
1482	1.00E+07	3	50000	141.06451613	1.96129032	100	10	20	1
1483	1.00E+07	3	50000	142.25806452	1.94516129	100	10	20	1
1484	1.00E+07	3	50000	143.4516129	1.92903226	100	10	20	1
1485	1.00E+07	3	50000	144.64516129	1.91290323	100	10	20	1
1486	1.00E+07	3	50000	145.83870968	1.89677419	100	10	20	1
1487	1.00E+07	3	50000	147.03225806	1.88064516	100	10	20	1
1488	1.00E+07	3	50000	148.22580645	1.86451613	100	10	20	1
1489	1.00E+07	3	50000	149.41935484	1.8483871	100	10	20	1
1490	1.00E+07	3	50000	150.61290323	1.83225806	100	10	20	1
1491	1.00E+07	3	50000	151.80645161	1.81612903	100	10	20	1
1492	1.00E+07	3	50000	153	1.8	100	10	20	1
1493	1.00E+07	3	50000	159.03571429	1.86785714	100	10	20	1
1494	1.00E+07	3	50000	165.07142857	1.93571429	100	10	20	1
1495	1.00E+07	3	50000	171.10714286	2.00357143	100	10	20	1
1496	1.00E+07	3	50000	177.14285714	2.07142857	100	10	20	1
1497	1.00E+07	3	50000	183.17857143	2.13928571	100	10	20	1
1498	1.00E+07	3	50000	189.21428571	2.20714286	100	10	20	1
1499	1.00E+07	3	50000	195.25	2.275	100	10	20	1
1500	1.00E+07	3	50000	201.28571429	2.34285714	100	10	20	1
1501	1.00E+07	3	50000	207.32142857	2.41071429	100	10	20	1
1502	1.00E+07	3	50000	213.35714286	2.47857143	100	10	20	1
1503	1.00E+07	3	50000	219.39285714	2.54642857	100	10	20	1
1504	1.00E+07	3	50000	225.42857143	2.61428571	100	10	20	1
1505	1.00E+07	3	50000	231.46428571	2.68214286	100	10	20	1
1506	1.00E+07	3	50000	237.5	2.75	100	10	20	1
1507	1.00E+07	3	50000	243.53571429	2.81785714	100	10	20	1
1508	1.00E+07	3	50000	249.57142857	2.88571429	100	10	20	1
1509	1.00E+07	3	50000	255.60714286	2.95357143	100	10	20	1
1510	1.00E+07	3	50000	261.64285714	3.02142857	100	10	20	1
1511	1.00E+07	3	50000	267.67857143	3.08928571	100	10	20	1
1512	1.00E+07	3	50000	273.71428571	3.15714286	100	10	20	1
1513	1.00E+07	3	50000	279.75	3.225	100	10	20	1
1514	1.00E+07	3	50000	285.78571429	3.29285714	100	10	20	1
1515	1.00E+07	3	50000	291.82142857	3.36071429	100	10	20	1
1516	1.00E+07	3	50000	297.85714286	3.42857143	100	10	20	1
1517	1.00E+07	3	50000	303.89285714	3.49642857	100	10	20	1
1518	1.00E+07	3	50000	309.92857143	3.56428571	100	10	20	1
1519	1.00E+07	3	50000	315.96428571	3.63214286	100	10	20	1
1520	1.00E+07	3	50000	322	3.7	100	10	20	1
1521	1.00E+07	3	50000	330.12903226	3.75806452	100	10	20	1
1522	1.00E+07	3	50000	338.25806452	3.81612903	100	10	20	1
1523	1.00E+07	3	50000	346.38709677	3.87419355	100	10	20	1
1524	1.00E+07	3	50000	354.51612903	3.93225806	100	10	20	1
1525	1.00E+07	3	50000	362.64516129	3.99032258	100	10	20	1
1526	1.00E+07	3	50000	370.77419355	4.0483871	100	10	20	1
1527	1.00E+07	3	50000	378.90322581	4.10645161	100	10	20	1
1528	1.00E+07	3	50000	387.03225806	4.16451613	100	10	20	1
1529	1.00E+07	3	50000	395.16129032	4.22258065	100	10	20	1
1530	1.00E+07	3	50000	403.29032258	4.28064516	100	10	20	1
1531	1.00E+07	3	50000	411.41935484	4.33870968	100	10	20	0
1532	1.00E+07	3	50000	419.5483871	4.39677419	100	10	20	0
1533	1.00E+07	3	50000	427.67741935	4.45483871	100	10	20	0
1534	1.00E+07	3	50000	435.80645161	4.51290323	100	10	20	0
1535	1.00E+07	3	50000	443.93548387	4.57096774	100	10	20	0
1536	1.00E+07	3	50000	452.06451613	4.62903226	100	10	20	0
1537	1.00E+07	3	50000	460.19354839	4.68709677	100	10	20	0
1538	1.00E+07	3	50000	468.32258065	4.74516129	100	10	20	0
1539	1.00E+07	3	50000	476.4516129	4.80322581	100	10	20	0
1540	1.00E+07	3	50000	484.58064516	4.86129032	100	10	20	0
1541	1.00E+07	3	50000	492.70967742	4.91935484	100	10	20	0
1542	1.00E+07	3	50000	500.83870968	4.97741935	100	10	20	0
1543	1.00E+07	3	50000	508.96774194	5.03548387	100	10	20	0
1544	1.00E+07	3	50000	517.09677419	5.09354839	100	10	20	0
1545	1.00E+07	3	50000	525.22580645	5.1516129	100	10	20	0
1546	1.00E+07	3	50000	533.35483871	5.20967742	100	10	20	0
1547	1.00E+07	3	50000	541.48387097	5.26774194	100	10	20	0
1548	1.00E+07	3	50000	549.61290323	5.32580645	100	10	20	0
1549	1.00E+07	3	50000	557.74193548	5.38387097	100	10	20	0
1550	1.00E+07	3	50000	565.87096774	5.44193548	100	10	20	0
1551	1.00E+07	3	50000	574	5.5	100	10	20	0
1552	1.00E+07	3	50000	581.36666667	5.67666667	100	10	20	0
1553	1.00E+07	3	50000	588.73333333	5.85333333	100	10	20	0
1554	1.00E+07	3	50000	596.1	6.03	100	10	20	0
1555	1.00E+07	3	50000	603.46666667	6.20666667	100	10	20	0
1556	1.00E+07	3	50000	610.83333333	6.38333333	100	10	20	0
1557	1.00E+07	3	50000	618.2	6.56	100	10	20	0
1558	1.00E+07	3	50000	625.56666667	6.73666667	100	10	20	0
1559	1.00E+07	3	50000	632.93333333	6.91333333	100	10	20	0
1560	1.00E+07	3	50000	640.3	7.09	100	10	20	0
1561	1.00E+07	3	50000	647.66666667	7.26666667	100	10	20	0
1562	1.00E+07	3	50000	655.03333333	7.44333333	100	10	20	0
1563	1.00E+07	3	50000	662.4	7.62	100	10	20	0
1564	1.00E+07	3	50000	669.76666667	7.79666667	100	10	20	0
1565	1.00E+07	3	50000	677.13333333	7.97333333	100	10	20	0
1566	1.00E+07	3	50000	684.5	8.15	100	10	20	0
1567	1.00E+07	3	50000	691.86666667	8.32666667	100	10	20	0
1568	1.00E+07	3	50000	699.23333333	8.50333333	100	10	20	0
1569	1.00E+07	3	50000	706.6	8.68	100	10	20	0
1570	1.00E+07	3	50000	713.96666667	8.85666667	100	10	20	0
1571	1.00E+07	3	50000	721.33333333	9.03333333	100	10	20	0
1572	1.00E+07	3	50000	728.7	9.21	100	10	20	0
1573	1.00E+07	3	50000	736.06666667	9.38666667	100	10	20	0
1574	1.00E+07	3	50000	743.43333333	9.56333333	100	10	20	0
1575	1.00E+07	3	50000	750.8	9.74	100	10	20	0
1576	1.00E+07	3	50000	758.16666667	9.91666667	100	10	20	0
1577	1.00E+07	3	50000	765.53333333	10.09333333	100	10	20	0
1578	1.00E+07	3	50000	772.9	10.27	100	10	20	0
1579	1.00E+07	3	50000	780.26666667	10.44666667	100	10	20	0
1580	1.00E+07	3	50000	787.63333333	10.62333333	100	10	20	0
1581	1.00E+07	3	50000	795	10.8	100	10	20	0
1582	1.00E+07	3	50000	806	11.0516129	100	10	20	0
1583	1.00E+07	3	50000	817	11.30322581	100	10	20	0
1584	1.00E+07	3	50000	828	11.55483871	100	10	20	0
1585	1.00E+07	3	50000	839	11.80645161	100	10	20	0
1586	1.00E+07	3	50000	850	12.05806452	100	10	20	0
1587	1.00E+07	3	50000	861	12.30967742	100	10	20	0
1588	1.00E+07	3	50000	872	12.56129032	100	10	20	0
1589	1.00E+07	3	50000	883	12.81290323	100	10	20	0
1590	1.00E+07	3	50000	894	13.06451613	100	10	20	0
1591	1.00E+07	3	50000	905	13.31612903	100	10	20	0
1592	1.00E+07	3	50000	916	13.56774194	100	10	20	0
1593	1.00E+07	3	50000	927	13.81935484	100	10	20	0
1594	1.00E+07	3	50000	938	14.07096774	100	10	20	0
1595	1.00E+07	3	50000	949	14.32258065	100	10	20	0
1596	1.00E+07	3	50000	960	14.57419355	100	10	20	0
1597	1.00E+07	3	50000	971	14.82580645	100	10	20	0
1598	1.00E+07	3	50000	982	15.07741935	100	10	20	0
1599	1.00E+07	3	50000	993	15.32903226	100	10	20	0
1600	1.00E+07	3	50000	1004	15.58064516	100	10	20	0
1601	1.00E+07	3	50000	1015	15.83225806	100	10	20	0
1602	1.00E+07	3	50000	1026	16.08387097	100	10	20	0
1603	1.00E+07	3	50000	1037	16.33548387	100	10	20	0
1604	1.00E+07	3	50000	1048	16.58709677	100	10	20	0
1605	1.00E+07	3	50000	1059	16.83870968	100	10	20	0
1606	1.00E+07	3	50000	1070	17.09032258	100	10	20	0
1607	1.00E+07	3	50000	1081	17.34193548	100	10	20	0
1608	1.00E+07	3	50000	1092	17.59354839	100	10	20	0
1609	1.00E+07	3	50000	1103	17.84516129	100	10	20	0
1610	1.00E+07	3	50000	1114	18.09677419	100	10	20	0
1611	1.00E+07	3	50000	1125	18.3483871	100	10	20	0
1612	1.00E+07	3	50000	1136	18.6	100	10	20	0
1613	1.00E+07	3	50000	1133.53333333	18.65666667	100	10	20	0
1614	1.00E+07	3	50000	1131.06666667	18.71333333	100	10	20	0
1615	1.00E+07	3	50000	1128.6	18.77	100	10	20	0
1616	1.00E+07	3	50000	1126.13333333	18.82666667	100	10	20	0
1617	1.00E+07	3	50000	1123.66666667	18.88333333	100	10	20	0
1618	1.00E+07	3	50000	1121.2	18.94	100	10	20	0
1619	1.00E+07	3	50000	1118.73333333	18.99666667	100	10	20	0
1620	1.00E+07	3	50000	1116.26666667	19.05333333	100	10	20	0
1621	1.00E+07	3	50000	1113.8	19.11	100	10	20	0
1622	1.00E+07	3	50000	1111.33333333	19.16666667	100	10	20	0
1623	1.00E+07	3	50000	1108.86666667	19.22333333	100	10	20	0
1624	1.00E+07	3	50000	1106.4	19.28	100	10	20	0
1625	1.00E+07	3	50000	1103.93333333	19.33666667	100	10	20	0
1626	1.00E+07	3	50000	1101.46666667	19.39333333	100	10	20	0
1627	1.00E+07	3	50000	1099	19.45	100	10	20	0
1628	1.00E+07	3	50000	1096.53333333	19.50666667	100	10	20	0
1629	1.00E+07	3	50000	1094.06666667	19.56333333	100	10	20	0
1630	1.00E+07	3	50000	1091.6	19.62	100	10	20	0
1631	1.00E+07	3	50000	1089.13333333	19.67666667	100	10	20	0
1632	1.00E+07	3	50000	1086.66666667	19.73333333	100	10	20	0
1633	1.00E+07	3	50000	1084.2	19.79	100	10	20	0
1634	1.00E+07	3	50000	1081.73333333	19.84666667	100	10	20	0
1635	1.00E+07	3	50000	1079.26666667	19.90333333	100	10	20	0
1636	1.00E+07	3	50000	1076.8	19.96	100	10	20	0
1637	1.00E+07	3	50000	1074.33333333	20.01666667	100	10	20	0
1638	1.00E+07	3	50000	1071.86666667	20.07333333	100	10	20	0
1639	1.00E+07	3	50000	1069.4	20.13	100	10	20	0
1640	1.00E+07	3	50000	1066.93333333	20.18666667	100	10	20	0
1641	1.00E+07	3	50000	1064.46666667	20.24333333	100	10	20	0
1642	1.00E+07	3	50000	1062	20.3	100	10	20	0
1643	1.00E+07	3	50000	1054.32258065	20.32903226	100	10	20	0
1644	1.00E+07	3	50000	1046.64516129	20.35806452	100	10	20	0
1645	1.00E+07	3	50000	1038.96774194	20.38709677	100	10	20	0
1646	1.00E+07	3	50000	1031.29032258	20.41612903	100	10	20	0
1647	1.00E+07	3	50000	1023.61290323	20.44516129	100	10	20	0
1648	1.00E+07	3	50000	1015.93548387	20.47419355	100	10	20	0
1649	1.00E+07	3	50000	1008.25806452	20.50322581	100	10	20	0
1650	1.00E+07	3	50000	1000.58064516	20.53225806	100	10	20	0
1651	1.00E+07	3	50000	992.90322581	20.56129032	100	10	20	0
1652	1.00E+07	3	50000	985.22580645	20.59032258	100	10	20	0
1653	1.00E+07	3	50000	977.5483871	20.61935484	100	10	20	0
1654	1.00E+07	3	50000	969.87096774	20.6483871	100	10	20	0
1655	1.00E+07	3	50000	962.19354839	20.67741935	100	10	20	0
1656	1.00E+07	3	50000	954.51612903	20.70645161	100	10	20	0
1657	1.00E+07	3	50000	946.83870968	20.73548387	100	10	20	0
1658	1.00E+07	3	50000	939.16129032	20.76451613	100	10	20	0
1659	1.00E+07	3	50000	931.48387097	20.79354839	100	10	20	0
1660	1.00E+07	3	50000	923.80645161	20.82258065	100	10	20	0
1661	1.00E+07	3	50000	916.12903226	20.8516129	100	10	20	0
1662	1.00E+07	3	50000	908.4516129	20.88064516	100	10	20	0
1663	1.00E+07	3	50000	900.77419355	20.90967742	100	10	20	0
1664	1.00E+07	3	50000	893.09677419	20.93870968	100	10	20	0
1665	1.00E+07	3	50000	885.41935484	20.96774194	100	10	20	0
1666	1.00E+07	3	50000	877.74193548	20.99677419	100	10	20	0
1667	1.00E+07	3	50000	870.06451613	21.02580645	100	10	20	0
1668	1.00E+07	3	50000	862.38709677	21.05483871	100	10	20	0
1669	1.00E+07	3	50000	854.70967742	21.08387097	100	10	20	0
1670	1.00E+07	3	50000	847.03225806	21.11290323	100	10	20	0
1671	1.00E+07	3	50000	839.35483871	21.14193548	100	10	20	0
1672	1.00E+07	3	50000	831.67741935	21.17096774	100	10	20	0
1673	1.00E+07	3	50000	824	21.2	100	10	20	0
1674	1.00E+07	3	50000	823.19354839	21.12258065	100	10	20	0
1675	1.00E+07	3	50000	822.38709677	21.04516129	100	10	20	0
1676	1.00E+07	3	50000	821.58064516	20.96774194	100	10	20	0
1677	1.00E+07	3	50000	820.77419355	20.89032258	100	10	20	0
1678	1.00E+07	3	50000	819.96774194	20.81290323	100	10	20	0
1679	1.00E+07	3	50000	819.16129032	20.73548387	100	10	20	0
1680	1.00E+07	3	50000	818.35483871	20.65806452	100	10	20	0
1681	1.00E+07	3	50000	817.5483871	20.58064516	100	10	20	0
1682	1.00E+07	3	50000	816.74193548	20.50322581	100	10	20	0
1683	1.00E+07	3	50000	815.93548387	20.42580645	100	10	20	0
1684	1.00E+07	3	50000	815.12903226	20.3483871	100	10	20	0
1685	1.00E+07	3	50000	814.32258065	20.27096774	100	10	20	0
1686	1.00E+07	3	50000	813.51612903	20.19354839	100	10	20	0
1687	1.00E+07	3	50000	812.70967742	20.11612903	100	10	20	0
1688	1.00E+07	3	50000	811.90322581	20.03870968	100	10	20	0
1689	1.00E+07	3	50000	811.09677419	19.96129032	100	10	20	0
1690	1.00E+07	3	50000	810.29032258	19.88387097	100	10	20	0
1691	1.00E+07	3	50000	809.48387097	19.80645161	100	10	20	0
1692	1.00E+07	3	50000	808.67741935	19.72903226	100	10	20	0
1693	1.00E+07	3	50000	807.87096774	19.6516129	100	10	20	0
1694	1.00E+07	3	50000	807.06451613	19.57419355	100	10	20	0
1695	1.00E+07	3	50000	806.25806452	19.49677419	100	10	20	0
1696	1.00E+07	3	50000	805.4516129	19.41935484	100	10	20	0
1697	1.00E+07	3	50000	804.64516129	19.34193548	100	10	20	0
1698	1.00E+07	3	50000	803.83870968	19.26451613	100	10	20	0
1699	1.00E+07	3	50000	803.03225806	19.18709677	100	10	20	0
1700	1.00E+07	3	50000	802.22580645	19.10967742	100	10	20	0
1701	1.00E+07	3	50000	801.41935484	19.03225806	100	10	20	0
1702	1.00E+07	3	50000	800.61290323	18.95483871	100	10	20	0
1703	1.00E+07	3	50000	799.80645161	18.87741935	100	10	20	0
1704	1.00E+07	3	50000	799	18.8	100	10	20	0
1705	1.00E+07	3	50000	790.96666667	18.73666667	100	10	20	0
1706	1.00E+07	3	50000	782.93333333	18.67333333	100	10	20	0
1707	1.00E+07	3	50000	774.9	18.61	100	10	20	0
1708	1.00E+07	3	50000	766.86666667	18.54666667	100	10	20	0
1709	1.00E+07	3	50000	758.83333333	18.48333333	100	10	20	0
1710	1.00E+07	3	50000	750.8	18.42	100	10	20	0
1711	1.00E+07	3	50000	742.76666667	18.35666667	100	10	20	0
1712	1.00E+07	3	50000	734.73333333	18.29333333	100	10	20	0
1713	1.00E+07	3	50000	726.7	18.23	100	10	20	0
1714	1.00E+07	3	50000	718.66666667	18.16666667	100	10	20	0
1715	1.00E+07	3	50000	710.63333333	18.10333333	100	10	20	0
1716	1.00E+07	3	50000	702.6	18.04	100	10	20	0
1717	1.00E+07	3	50000	694.56666667	17.97666667	100	10	20	0
1718	1.00E+07	3	50000	686.53333333	17.91333333	100	10	20	0
1719	1.00E+07	3	50000	678.5	17.85	100	10	20	0
1720	1.00E+07	3	50000	670.46666667	17.78666667	100	10	20	0
1721	1.00E+07	3	50000	662.43333333	17.72333333	100	10	20	0
1722	1.00E+07	3	50000	654.4	17.66	100	10	20	0
1723	1.00E+07	3	50000	646.36666667	17.59666667	100	10	20	0
1724	1.00E+07	3	50000	638.33333333	17.53333333	100	10	20	0
1725	1.00E+07	3	50000	630.3	17.47	100	10	20	0
1726	1.00E+07	3	50000	622.26666667	17.40666667	100	10	20	0
1727	1.00E+07	3	50000	614.23333333	17.34333333	100	10	20	0
1728	1.00E+07	3	50000	606.2	17.28	100	10	20	0
1729	1.00E+07	3	50000	598.16666667	17.21666667	100	10	20	0
1730	1.00E+07	3	50000	590.13333333	17.15333333	100	10	20	0
1731	1.00E+07	3	50000	582.1	17.09	100	10	20	0
1732	1.00E+07	3	50000	574.06666667	17.02666667	100	10	20	0
1733	1.00E+07	3	50000	566.03333333	16.96333333	100	10	20	0
1734	1.00E+07	3	50000	558	16.9	100	10	20	0
1735	1.00E+07	3	50000	553.48387097	16.6483871	100	10	20	0
1736	1.00E+07	3	50000	548.96774194	16.39677419	100	10	20	0
1737	1.00E+07	3	50000	544.4516129	16.14516129	100	10	20	0
1738	1.00E+07	3	50000	539.93548387	15.89354839	100	10	20	0
1739	1.00E+07	3	50000	535.41935484	15.64193548	100	10	20	0
1740	1.00E+07	3	50000	530.90322581	15.39032258	100	10	20	0
1741	1.00E+07	3	50000	526.38709677	15.13870968	100	10	20	0
1742	1.00E+07	3	50000	521.87096774	14.88709677	100	10	20	0
1743	1.00E+07	3	50000	517.35483871	14.63548387	100	10	20	0
1744	1.00E+07	3	50000	512.83870968	14.38387097	100	10	20	0
1745	1.00E+07	3	50000	508.32258065	14.13225806	100	10	20	0
1746	1.00E+07	3	50000	503.80645161	13.88064516	100	10	20	0
1747	1.00E+07	3	50000	499.29032258	13.62903226	100	10	20	0
1748	1.00E+07	3	50000	494.77419355	13.37741935	100	10	20	0
1749	1.00E+07	3	50000	490.25806452	13.12580645	100	10	20	0
1750	1.00E+07	3	50000	485.74193548	12.87419355	100	10	20	0
1751	1.00E+07	3	50000	481.22580645	12.62258065	100	10	20	0
1752	1.00E+07	3	50000	476.70967742	12.37096774	100	10	20	0
1753	1.00E+07	3	50000	472.19354839	12.11935484	100	10	20	0
1754	1.00E+07	3	50000	467.67741935	11.86774194	100	10	20	0
1755	1.00E+07	3	50000	463.16129032	11.61612903	100	10	20	0
1756	1.00E+07	3	50000	458.64516129	11.36451613	100	10	20	0
1757	1.00E+07	3	50000	454.12903226	11.11290323	100	10	20	0
1758	1.00E+07	3	50000	449.61290323	10.86129032	100	10	20	0
1759	1.00E+07	3	50000	445.09677419	10.60967742	100	10	20	0
1760	1.00E+07	3	50000	440.58064516	10.35806452	100	10	20	0
1761	1.00E+07	3	50000	436.06451613	10.10645161	100	10	20	0
1762	1.00E+07	3	50000	431.5483871	9.85483871	100	10	20	0
1763	1.00E+07	3	50000	427.03225806	9.60322581	100	10	20	0
1764	1.00E+07	3	50000	422.51612903	9.3516129	100	10	20	0
1765	1.00E+07	3	50000	418	9.1	100	10	20	0
1766	1.00E+07	3	50000	408.73333333	8.92666667	100	10	20	0
1767	1.00E+07	3	50000	399.46666667	8.75333333	100	10	20	0
1768	1.00E+07	3	50000	390.2	8.58	100	10	20	0
1769	1.00E+07	3	50000	380.93333333	8.40666667	100	10	20	0
1770	1.00E+07	3	50000	371.66666667	8.23333333	100	10	20	0
1771	1.00E+07	3	50000	362.4	8.06	100	10	20	0
1772	1.00E+07	3	50000	353.13333333	7.88666667	100	10	20	0
1773	1.00E+07	3	50000	343.86666667	7.71333333	100	10	20	0
1774	1.00E+07	3	50000	334.6	7.54	100	10	20	0
1775	1.00E+07	3	50000	325.33333333	7.36666667	100	10	20	0
1776	1.00E+07	3	50000	316.06666667	7.19333333	100	10	20	0
1777	1.00E+07	3	50000	306.8	7.02	100	10	20	0
1778	1.00E+07	3	50000	297.53333333	6.84666667	100	10	20	0
1779	1.00E+07	3	50000	288.26666667	6.67333333	100	10	20	0
1780	1.00E+07	3	50000	279	6.5	100	10	20	0
1781	1.00E+07	3	50000	269.73333333	6.32666667	100	10	20	0
1782	1.00E+07	3	50000	260.46666667	6.15333333	100	10	20	0
1783	1.00E+07	3	50000	251.2	5.98	100	10	20	0
1784	1.00E+07	3	50000	241.93333333	5.80666667	100	10	20	0
1785	1.00E+07	3	50000	232.66666667	5.63333333	100	10	20	0
1786	1.00E+07	3	50000	223.4	5.46	100	10	20	0
1787	1.00E+07	3	50000	214.13333333	5.28666667	100	10	20	0
1788	1.00E+07	3	50000	204.86666667	5.11333333	100	10	20	0
1789	1.00E+07	3	50000	195.6	4.94	100	10	20	0
1790	1.00E+07	3	50000	186.33333333	4.76666667	100	10	20	0
1791	1.00E+07	3	50000	177.06666667	4.59333333	100	10	20	0
1792	1.00E+07	3	50000	167.8	4.42	100	10	20	0
1793	1.00E+07	3	50000	158.53333333	4.24666667	100	10	20	0
1794	1.00E+07	3	50000	149.26666667	4.07333333	100	10	20	0
1795	1.00E+07	3	50000	140	3.9	100	10	20	0
1796	1.00E+07	3	50000	139.22580645	3.9	100	10	20	0
1797	1.00E+07	3	50000	138.4516129	3.9	100	10	20	0
1798	1.00E+07	3	50000	137.67741935	3.9	100	10	20	0
1799	1.00E+07	3	50000	136.90322581	3.9	100	10	20	0
1800	1.00E+07	3	50000	136.12903226	3.9	100	10	20	0
1801	1.00E+07	3	50000	135.35483871	3.9	100	10	20	0
1802	1.00E+07	3	50000	134.58064516	3.9	100	10	20	0
1803	1.00E+07	3	50000	133.80645161	3.9	100	10	20	0
1804	1.00E+07	3	50000	133.03225806	3.9	100	10	20	0
1805	1.00E+07	3	50000	132.25806452	3.9	100	10	20	0
1806	1.00E+07	3	50000	131.48387097	3.9	100	10	20	0
1807	1.00E+07	3	50000	130.70967742	3.9	100	10	20	0
1808	1.00E+07	3	50000	129.93548387	3.9	100	10	20	0
1809	1.00E+07	3	50000	129.16129032	3.9	100	10	20	0
1810	1.00E+07	3	50000	128.38709677	3.9	100	10	20	0
1811	1.00E+07	3	50000	127.61290323	3.9	100	10	20	0
1812	1.00E+07	3	50000	126.83870968	3.9	100	10	20	0
1813	1.00E+07	3	50000	126.06451613	3.9	100	10	20	0
1814	1.00E+07	3	50000	125.29032258	3.9	100	10	20	0
1815	1.00E+07	3	50000	124.51612903	3.9	100	10	20	0
1816	1.00E+07	3	50000	123.74193548	3.9	100	10	20	0
1817	1.00E+07	3	50000	122.96774194	3.9	100	10	20	0
1818	1.00E+07	3	50000	122.19354839	3.9	100	10	20	0
1819	1.00E+07	3	50000	121.41935484	3.9	100	10	20	0
1820	1.00E+07	3	50000	120.64516129	3.9	100	10	20	0
1821	1.00E+07	3	50000	119.87096774	3.9	100	10	20	0
1822	1.00E+07	3	50000	119.09677419	3.9	100	10	20	0
1823	1.00E+07	3	50000	118.32258065	3.9	100	10	20	0
1824	1.00E+07	3	50000	117.5483871	3.9	100	10	20	0
1825	1.00E+07	3	50000	116.77419355	3.9	100	10	20	0
1826	1.00E+07	3	50000	116	3.9	100	10	20	0
